Licensee,Address,City,State,Zip,Medical Sales,Adult-Use Sales,Total Sales
1912 CANNABIS COMPANY LLC - 10TH ST RETAIL,1009 E 10th St,Alamogordo,NM,88310,"$44,424.26","$46,106.07","$90,530.33"
285 SOUTH DISPENSARY LLC - MAIN ST. RETAIL,1725 SE Main St. Suite B,Roswell,NM,88203,"$18,915.11","$42,504.15","$61,419.26"
"420 DISPENSARY, LLC - W COAL RETAIL",106 W Coal Ave,Gallup,NM,87301,"$1,791.53","$10,637.24","$12,428.77"
420 TEA TIME LLC/ RETAIL- ROVER BLVD,35 Rover Blvd,White Rock,NM,87544,"$7,226.03","$19,128.89","$26,354.92"
BLUE WHALE ENTERPRISES INC - BROADWAY RETAIL,1340 Broadway Blvd NE Ste A,Albuquerque,NM,87102,"$309,082.74","$622,681.56","$931,764.30"
575 CANNABIS LLC- RETAIL 305 S COUNTY LINE,305 S County Line Dr,Chaparral,NM,88081,"$1,264.14","$8,211.43","$9,475.57"
911 KRONIC,911 W Apache St,Farmington,NM,87401,$60,,$60
911 KRONIC/ RETAIL W APACHE ST,911 W Apache St,Farmington,NM,87401,"$15,605.53","$89,421.50","$105,027.03"
OCC ABQ LLC - COORS BLVD RETAIL,3730 Coors Blvd NW Ste B,Albuquerque,NM,87120,"$236,143.31","$366,466.74","$602,610.05"
OCC ABQ LLC,2925 Juan Tabo Blvd NE,Albuquerque,NM,87112,"$174,755.41","$287,314.33","$462,069.74"
THE VERDES FOUNDATION  SAN ANTONIO DRIVE RETAIL,7301 San Antonio Drive NE,Albuquerque,NM,87109,"$171,043.27","$239,710.56","$410,753.83"
AGRICANNA LLC - E PINE RETAIL,1802 E Pine St.,Deming,NM,88030,"$22,682","$75,013.73","$97,695.73"
AIM HIGH ENTERPRISES LLC- BATAAN MEMORIAL WEST RETAIL,9575 Bataan Memorial West,Las Cruces,NM,88012,"$4,690.36","$18,103.05","$22,793.41"
AKESO BOTANICALS LLC,200 Conway,Las Cruces,NM,88005,"$3,771.73","$3,816.36","$7,588.09"
ALL AMERICAN BUD COMPANY -RETAIL,403 W. Main St,Farmington,NM,87401,,"$19,439.20","$19,439.20"
AMIGOS CANNABIS - PASEO DE PERALTA MANUFACTURER,839 Paseo De Peralta,Santa Fe,NM,87501,"$4,242.02","$12,721.05","$16,963.07"
AMIGOS LAS CRUCES LLC- RINCONADA BLVD RETAIL,3330 Rinconada Blvd,Las Cruces,NM,88011,"$23,570.75","$72,521.01","$96,091.76"
CHADCOR HOLDINGS NM- RETAIL,1713 Juan Tabo Blvd NE,Albuquerque,NM,87112,"$121,131.46","$235,258.75","$356,390.21"
GRANDE CULTIVATION COLLECTIVE LLC- CARLISLE RETAIL,2828 Carlisle NE,Albuquerque,NM,87110,"$64,820.28","$274,602.20","$339,422.48"
OCC ABQ LLC - MENAUL BLVD RETAIL,3500 Menaul Blvd NE Ste 6,Albuquerque,NM,87107,"$108,947.98","$194,930.62","$303,878.60"
OCC ABQ LLC,6311 Lomas Blvd NE,Albuquerque,NM,87111,"$111,415.93","$170,893.43","$282,309.36"
THE VERDES FOUNDATION/ RETAIL COORS BLVD NW,10032 Coors Blvd NW,Albuquerque,NM,87114,"$116,883.25","$160,033.50","$276,916.75"
ANIMACANN INC - 20TH ST RETAIL,1901 E 20th St,Farmington,NM,87401,"$13,230.93","$83,445.79","$96,676.72"
ANIMACANN INC - GRIMES ST RETAIL,701 N Grimes St,Hobbs,NM,88240,"$4,668.48","$107,143.07","$111,811.55"
OCC ABQ LLC,2720 Central Ave Southeast F,Albuquerque,NM,87106,"$99,922.44","$165,735.42","$265,657.86"
THE VERDES FOUNDATION/ RETAIL MONTE VISTA BLVD NE,3636 Monte Vista Blvd NE,Albuquerque,NM,87106,"$91,315.77","$172,846.71","$264,162.48"
OCC ABQ LLC- OSUNA RD RETAIL,141 Osuna Rd NE,Albuquerque,NM,87107,"$104,500.19","$149,344.67","$253,844.86"
APOGEE THERAPEUTICS LLC - RETAIL/CONSUMPTION,1769 Victory Ln,Sunland Park,NM,88063,"$2,855.05","$42,688.29","$45,543.34"
AREA 54 DISPENSARY LLC- ANGELINA BLVD RETAIL,764 Angelina blvd,Chaparral,NM,88081,"$2,682.62","$20,939.15","$23,621.77"
ARRIVE,248 DP Road,Los Alamos,NM,87544,"$7,189.44","$22,093.45","$29,282.89"
ASTRO BUDS LLC - MCCOMBS RD RETAIL,308 McCombs Rd Spc 2,Chaparral,NM,88081,"$10,785.48","$177,562.82","$188,348.30"
CHADCOR HOLDINGS NM- RETAIL,7001 Menaul Blvd NE,Albuquerque,NM,87110,"$75,287.25","$143,413.45","$218,700.70"
URBAN WELLNESS - PARADISE DISPENSARY,4601 Paradise Blvd. Suite H,Albuquerque,NM,87114,"$68,693.90","$148,815.24","$217,509.14"
BERNA-LENO INC - DEL PUEBLO RETAIL,1042 Camino Del Pueblo,Bernalillo,NM,87004,"$3,734.18","$6,621.11","$10,355.29"
BESOS LLC/ RETAIL FUTURITY DR,1805 Futurity Dr,Sunland Park,NM,88603,"$1,437.57","$39,896.49","$41,334.06"
BEST BUDS - 1ST RETAIL,721 E 1st,Clovis,NM,88101,"$2,029.10","$14,684.15","$16,713.25"
BEST DAZE INC,800 Mills Ave,Las Vegas,NM,87701,"$9,720.10","$31,660.79","$41,380.89"
BEST DAZE INC,128 W Palace Ave,Santa Fe,NM,87501,"$2,257.13","$19,037.27","$21,294.40"
BEST DAZE INC - FORMERLY GIVING TREE ORGANICS-PRODUCTION,527  527B N. Riverside Dr.,Espanola,NM,87532,"$8,796.19","$32,438.29","$41,234.48"
BEST DAZE INC - RETAIL SANTA FE,4641 Airport Rd,Santa Fe,NM,87507,"$14,741.56","$57,135.75","$71,877.31"
BEST DAZE INC RETAIL,820 Mercer St,Santa Fe,NM,87505,"$10,884.39","$59,306.96","$70,191.35"
BEST LIFE PRODUCTIONS - ROOSEVELT RETAIL,800 East Elbe Street,Portales,NM,88130,"$11,915.23","$31,631.68","$43,546.91"
BETTER BUDS LLC/ RETAIL W MAIN ST,107 W Main St,Tucumcari,NM,88401,"$31,831.43","$48,518.57","$80,350"
BETTER DAZE CANNABIS CO LLC - AVE D RETAIL,526 W Ave D,Lovington,NM,88260,"$4,906.83","$13,677.82","$18,584.65"
BETTER DAZE CANNABIS CO LLC - AVE O RETAIL,2002 Avenue O,Eunice,NM,88231,"$4,467.33","$27,642.66","$32,109.99"
BIG RANCH CULTIVATION LLC - HUDSON STREET RETAIL,909 N Hudson Street,Silver City,NM,88061,"$10,168.45","$26,283.42","$36,451.87"
BIG RANCH CULTIVATION LLC - NORTHRISE RETAIL,3510 Northrise Suite 4,Las Cruces,NM,88011,"$1,914.11","$7,508.81","$9,422.92"
BIGHORN VENTURES- RETAIL,536 Paseo del Pueblo Norte,Taos,NM,87571,"$12,605.28","$71,060.95","$83,666.23"
BLACK POWDER DISPENSARY INCORPORATED - RETAIL,2859 Cerrillos Rd Unit 4,Santa Fe,NM,87507,"$10,406.04","$30,839.25","$41,245.29"
BLAZED CANNABIS LLC - AVENIDA VISTA GRANDE RETAIL,"7 Avenida Vista Grande, Unit D-1",Santa Fe,NM,87508,"$9,718.30","$28,700.69","$38,418.99"
BLAZED CANNABIS LLC - CALIENTE RD RETAIL,7 Caliente Rd,Santa Fe,NM,87507,$837.35,"$2,372.23","$3,209.58"
BLOOM MANAGEMENT GROUP LLC - E LOHMAN AVE RETAIL - RETAIL,615 E Lohman Ave,Las Cruces,NM,88001,"$5,263.91","$11,769.51","$17,033.42"
OCC ABQ LLC,7608 Menaul Blvd NE,Albuquerque,NM,87110,"$83,137","$126,310.52","$209,447.52"
BLUE WHALE SUNLAND - APPALOOSA ST RETAIL,1500 Appaloosa St Suite B,Sunland Park,NM,88063,"$40,449.86","$599,407.31","$639,857.17"
EVEREST APOTHECARY - ALBUQUERQUE DISPENSARY,"10660 Unser Blvd., NW",Albuquerque,NM,87114,"$45,683.86","$158,221.34","$203,905.20"
WEEDMART LLC - COPPER RETAIL,13600 Copper Ave NE,Albuquerque,NM,87123,"$50,426.46","$145,345.09","$195,771.55"
BOTANICAL INFUSIONS - N SOLANO DR RETAIL,1960 N Solano Dr,Las Cruces,NM,88001,"$1,966","$7,090.60","$9,056.60"
BOTANICAL INFUSIONS/ RETAIL SOUTH SOLANO DRIVE,1128 South Solano Drive,Las Cruces,NM,88001,"$2,213.38","$6,993.75","$9,207.13"
R. GREENLEAF ORGANICS DISPENSARY,5201 Ouray NW,Albuquerque,NM,87120,"$56,012.50","$138,996.30","$195,008.80"
URBAN WELLNESS - MONTANO DISPENSARY,405 Montano Rd NE,Albuquerque,NM,87107,"$57,091.51","$121,763.88","$178,855.39"
R. GREENLEAF ORGANICS DISPENSARY,10250 Cottonwood Park NW,Albuquerque,NM,87114,"$55,982.49","$118,706.03","$174,688.52"
BRYANS GREEN CARE RETAIL,2330 S Main,Lovington,NM,88260,"$2,545.29","$15,151.64","$17,696.93"
BRYANS GREEN CARE RETAIL,207 North Grimes,Hobbs,NM,88240,"$1,316.92","$15,069.94","$16,386.86"
BRYANS GREEN CARE- NAVAJO DR RETAIL/CONS,502 West Navajo Dr,Hobbs,NM,88240,"$3,165.18","$28,093.04","$31,258.22"
BSD SPECIALTY FARMS LLC - POUNDS RD RETAIL,372 Pounds Rd,Timberon,NM,88350,$444.05,"$4,384.17","$4,828.22"
BUD BOARD DISPENSARY LLC,2206 West Marland Boulevard,Hobbs,NM,88240,"$50,935.21","$58,506.62","$109,441.83"
BUD BOARD DISPENSARY LLC - PIERCE RETAIL,618 W Pierce,Carlsbad,NM,88220,"$82,482.95","$99,375.07","$181,858.02"
BUD BOARD DISPENSARY LLC - SOUTH CANYON STREET RETAILER,401 South Canyon Street,Carlsbad,NM,88220,"$41,006.44","$86,521.38","$127,527.82"
BUDDER PROS LLC,121 US Route 66,Moriarty,NM,87035,"$6,989.66","$30,721.78","$37,711.44"
VICE CANNABIS LLC,6200 Montgomery Blvd NE,Albuquerque,NM,87111,"$39,518.13","$126,504.08","$166,022.20"
URBAN WELLNESS - 98TH ST DISPENSARY,120 98th ST NW,Albuquerque,NM,87121,"$42,196.51","$116,543.99","$158,740.50"
BUDDING BAR AND DISPENSARY LLC/ RETAIL S MAIN ST,804 S Main St,Belen,NM,87002,"$22,118.02","$81,886.96","$104,004.98"
BUDDING INDUSTRIES LLC - BURRO AVE RETAILER,504 Burro Ave,Cloudcroft,NM,88317,"$3,422.20","$43,326.52","$46,748.72"
BUDDING INDUSTRIES LLC-  ST. FRANCIS DR. RETAILER,900 St. Francis Dr,Tularosa,NM,88352,"$4,922.11","$21,447.51","$26,369.62"
BUDSTONES SMOKE SHOP - CERRILLOS RD RETAIL,2641 B Cerrillos Rd,Santa Fe,NM,87505,"$1,374.82","$1,887.76","$3,262.58"
"BUDVILLE, LLC - MOTEL DR RETAIL",1511 Motel Drive,Milan,NM,87021,"$4,578.51","$20,112.72","$24,691.23"
BUFFALO BUD FARMING CO LLC - RETAIL,910 N Pope St,Silver City,NM,88061,"$17,719.61","$41,876.25","$59,595.86"
BURNIN BARRELS/ RETAIL W AZTEC BLVD,2210 W Aztec Blvd,Aztec,NM,87410,$460.37,"$36,232.69","$36,693.06"
"BUTTE CANNABIS, LLC - HWY 195 RETAIL",505 Highway 195,Elephant Butte,NM,87935,"$9,640.13","$25,437.50","$35,077.63"
CANNA BUDDHA LLC/ RETAIL N LINAM ST,1003 N Linam St,Hobbs,NM,88240,"$51,364.40","$326,042.92","$377,407.32"
CANNA COLLECTIVE LLC-N MAIN ST RETAIL,2320 N Main St,Clovis,NM,88101,"$4,183.59","$6,142.71","$10,326.30"
CANNABIS CENTRAL LLC - 3RD ST RETAIL,435 S 3rd St.,Jal,NM,88252,"$7,679.76","$353,474.91","$361,154.67"
URBAN WELLNESS - SAN MATEO DISPENSARY,2910 San Mateo Blvd. NE,Albuquerque,NM,87110,"$53,635.86","$93,745.36","$147,381.22"
HIGH DESERT RELIEF DISPENSARY,3320-A Coors Blvd NW,Albuquerque,NM,87120,"$61,866.99","$83,757.65","$145,624.64"
JOE WOJICK  JOE CALANDRA LLC,2601 NE Louisiana Blvd.,Albuquerque,NM,87110,"$43,453.93","$98,003.38","$141,457.30"
OCC ABQ LLC - MONTGOMERY BLVD NE RETAIL,9880 Montgomery Blvd NE Ste C,Albuquerque,NM,87111,"$54,923.96","$79,580.06","$134,504.02"
CANNAVERSE - NEVADA AVE RETAIL,2305 Nevada Ave,Las Cruces,NM,88001,"$14,524.99","$51,380.06","$65,905.05"
"R. GREENLEAF ORGANICS, INC.",9821 Montgomery Blvd,Albuquerque,NM,87111,"$51,264.78","$81,989.59","$133,254.37"
SCORE 420 - CENTRAL  RETAIL,2125 Central Ave NW,Albuquerque,NM,87104,"$25,798.59","$99,306.84","$125,105.43"
NATURES SECRET CANNABIS - 4TH ST RETAIL,2523 4th St NW,Albuquerque,NM,87102,"$29,702.96","$90,148.86","$119,851.82"
ENCHANTED BOTANICALS LLC - CENTRAL AVE RETAIL/CONSUMPTION,3417 Central Avenue NE,Albuquerque,NM,87106,"$44,391.14","$73,409.21","$117,800.35"
CASA KUSH LLC/ RETAIL 4TH STREET NW,7218 4th Street NW,Los Ranchos,NM,87107,"$1,711.21","$5,819.77","$7,530.98"
CASA VERDE CANNABIS LLC - SOLANO RETAIL,795 S Salano Dr STE A,Las Cruces,NM,88001,"$30,942.76","$65,888.89","$96,831.65"
HIGH DESERT RELIEF DISPENSARY,4840-H Pan American East Freeway,Albuquerque,NM,87109,"$64,046.46","$51,856.59","$115,903.05"
CGFNM HOLDINGS LLC - RETAIL,2010 E Main St R 1,Farmington,NM,87401,"$5,488.69","$25,516.21","$31,004.90"
CGFNM HOLDINGS LLC- US 64 RETAIL,4157 US-64,Kirtland,NM,87417,"$4,760.91","$55,791.76","$60,552.67"
CHADCOR HOLDINGS NM- RETAIL,"2240 E Lohman Ave., Unit 1",Las Cruces,NM,88001,"$129,775.80","$294,611.16","$424,386.96"
DISPENSARY NEAR ME/ RETAIL LOMAS BLVD NE,5016 Lomas Blvd NE,Albuquerque,NM,87108,"$20,370.06","$95,299.79","$115,669.85"
CHADCOR HOLDINGS NM- RETAIL,1621 Appaloosa Dr,Sunland Park,NM,88063,"$11,422.58","$247,715.72","$259,138.30"
ENCHANTED BOTANICALS LLC - MENAUL BLVD RETAIL,5737 Menaul Blvd NE,Albuquerque,NM,87110,"$51,358.09","$64,248.36","$115,606.46"
"CHADCOR HOLDINGS NM, LLC",1615 Appaloosa Dr,Sunland Park,NM,88063,"$45,752.44","$939,763.84","$985,516.28"
"CHADCOR HOLDINGS NM, LLC - JOE HARVEY BLVD RETAIL",1127 Joe Harvey Blvd,Hobbs,NM,88240,"$17,831.62","$248,726.48","$266,558.10"
CHIKERE CAFE LLC - US HWY 54 RETAIL,403 North US Hwy 54,Logan,NM,82446,"$1,656.92","$11,504.39","$13,161.31"
CHILLAX OG LLC - SUDDERTH RD RETAIL,200 Sudderth Rd Unit A  B,Ruidoso,NM,88345,"$15,223.73","$47,176.25","$62,399.98"
URBAN WELLNESS - ACADEMY DISPENSARY,6220 San Mateo BLVD,Albuquerque,NM,87190,"$37,406.14","$77,777.72","$115,183.86"
CLM MANAGEMENT LLC - N MAIN ST RETAIL,300 N Main St. Ste 4,Las Cruces,NM,88001,"$2,686.85","$4,668.17","$7,355.02"
PECOS VALLEY PRODUCTION INC - 98TH ST RETAIL,251 98th St Ste A  B,Albuquerque,NM,87121,"$23,805.83","$87,413.41","$111,219.24"
CMC CANNABIS DISPENSARY LLC/ RETAIL W HISTORIC HWY 66,611 W Historic HWY 66,Gallup,NM,87301,"$2,477.70","$27,945.20","$30,422.90"
COMPASSIONATE DISTRIBUTORS INC - CANAL RETAIL,1704 S. Canal Street,Carlsbad,NM,88220,"$1,262.14","$7,466.14","$8,728.28"
COMPASSIONATE DISTRIBUTORS INC - SUDDERTH RETAIL,1100 Sudderth Dr.,Ruidoso,NM,88345,$817.14,"$2,323.15","$3,140.29"
COMPASSIONATE DISTRIBUTORS INC - WALNUT RETAIL,117 West Walnut,Roswell,NM,88203,$772.68,"$2,462.26","$3,234.94"
CONNOISSEUR COLLECTIVE LLC - RETAIL,1810 E. Lohman,Las Cruces,NM,88001,"$1,804.45","$6,674.25","$8,478.70"
CORRALES HEMPORIUM LLC/ RETAIL CORRALES ROAD,4484 Corrales Road,Corrales,NM,87048,$67,"$2,306.34","$2,373.34"
COUTH FARMS LLC - W NAVAJO RETAIL,312 W Navajo Ste 100,Hobbs,NM,88240,"$1,637.36","$43,916.46","$45,553.82"
COUTH FARMS LLC- EL PASEO RD RETAIL,1595 El Paseo Rd,Las Cruces,NM,88001,"$5,192.49","$27,879.54","$33,072.03"
PURLIFE - ALBUQUERQUE RETAIL,"417 Tramway Blvd. NE, Suite 2",Albuquerque,NM,87123,"$28,873.16","$75,855.54","$104,728.70"
DANK OF AMERICA LLC - W AMADOR RETAIL,250 W Amador Ave,Las Cruces,NM,88005,$448.76,"$1,131.20","$1,579.96"
DANK OF THE WEST - RETAIL,1501 East Rte 66,Tucumcari,NM,88401,"$7,040.61","$15,352.24","$22,392.85"
DBGJR LLC - WEST LAST RD RETAIL,109 West Last Rd,Capitan,NM,88316,"$4,860.34","$10,453.65","$15,313.99"
DEEP SKY CANNABIS LLC - GALISTEO STREET STE 201 RETAILER,300 Galisteo Street STE 201,Santa Fe,NM,87501,"$11,292.91","$32,522.67","$43,815.57"
DEEP SKY CANNABIS LLC - LUANA ST RETAIL,1320 Luana St,Santa Fe,NM,87505,"$40,690.70","$124,873.47","$165,564.17"
DEMING CANNABIS COMPANY LLC - SPRUCE ST RETAIL,1113 W Spruce St,Deming,NM,88030,"$20,778.04","$72,025.51","$92,803.55"
DESERT FLOWER LLC - AZTEC RD RETAIL,1308 W Aztec Blvd,Aztec,NM,87410,,"$15,326.47","$15,326.47"
DIABLO BUDS GROW 1 LLC - APPALOOSA STE 6,1925 Appaloosa Ste 6,Sunland Park,NM,88063,$25,$586.82,$611.82
DIAMOND LEAF LLC/ RETAIL N HWY 14,12133 Hwy 14 N,Cedar Crest,NM,87008,"$10,552.97","$32,820.13","$43,373.10"
DISPENSARY NEAR ME - 2ND ST RETAIL,226 W 2nd St.,Portales,NM,88301,"$13,428.53","$40,142.89","$53,571.42"
DISPENSARY NEAR ME LAS CRUCES - EL PASEO RETAIL,1025 El Paseo,Las Cruces,NM,88001,"$17,368.36","$31,674.86","$49,043.22"
DISPENSARY NEAR ME RUFINA LLC- SUDDERTH RETAIL,1803 Sudderth,Ruidoso,NM,88345,"$13,716.91","$35,904","$49,620.91"
DISPENSARY NEAR ME SOCORRO LLC,124 B Manzanares Ave,Socorro,NM,87801,"$11,887.16","$30,718.96","$42,606.12"
DISPENSARY NEAR ME SUNLAND PARK LLC- MCNUTT RETAIL/CONSUMPTION,1290 McNutt Rd,Sunland Park,NM,88063,"$4,151.24","$58,475.03","$62,626.27"
DISPENSARY NEAR ME-MANUFACTURER,2384 NM 47,Belen,NM,87002,$39.57,,$39.57
ANIMACANN INC - RIO BRAVO BLVD RETAIL,1698 Rio Bravo Blvd SW Ste B,Albuquerque,NM,87105,"$21,535.08","$83,184.35","$104,719.43"
DISPENSARY NEAR ME/ RETAIL NM47,2384 NM 47,Belen,NM,87002,"$18,430.22","$44,868.35","$63,298.57"
DON VERDE LLC - WEST PICACHO AVENUE RETAILER,3514 W Picacho Ave,Las Cruces,NM,88007,$46,$666.86,$712.86
DR GREEN ORGANICS - MAIN ST RETAIL,5555 S Main St,Mesilla Park,NM,88047,"$3,382.10","$11,370.56","$14,752.66"
DR VS MOUNTAIN MEDS LLC - HWY 550 RETAIL,23347 Hwy 550,San Ysidro,NM,87053,$879.86,"$9,636.63","$10,516.49"
PUR LIFE RETAIL,7001 Montgomery Blvd,Albuquerque,NM,87109,"$29,597.74","$75,036.56","$104,634.30"
DUKE FAMILY LLC - SUDDERTH DR. CONSUMPTION AND RETAIL,26897 US-70,Ruidoso Downs,NM,88345,"$1,121.24","$10,302.49","$11,423.73"
TAFOYA FARMS LLC-ELLISON DR RETAIL,3700 Ellison Dr NW Ste E-2,Albuquerque,NM,87114,"$26,582.12","$77,410.88","$103,993"
EARL AND TOM LLC - MAIN ST RETAIL,106 S Main St,Clovis,NM,88101,"$9,975.16","$73,157.07","$83,132.23"
EARL AND TOM LLC - NORTH PRINCE STREET RETAILER,3211 N Prince St,Clovis,NM,88101,"$7,893.75","$27,052.83","$34,946.58"
R. GREENLEAF ORGANICS,110 Yale SE,Albuquerque,NM,87106,"$23,765.51","$77,474.09","$101,239.60"
EFFY EXOTICS LLC - 1408 BLACK ST RETAIL,1408 Black St,Alamogordo,NM,88310,"$29,919.12","$29,334.07","$59,253.20"
EFFY EXOTICS LLC - PICACHO RETAIL,2153 W Picacho Ave,Las Cruces,NM,88007,"$36,048.64","$57,960.05","$94,008.69"
"EL LUMBRE FARMS, LLC - HWY 82 RETAIL",215 Highway 82,Alamogordo,NM,88310,"$1,867.98","$10,659.65","$12,527.63"
"PURLIFE - UNIV AVE, LC",4000 Menaul Blvd NE,Albuquerque,NM,87110,"$31,410.09","$66,045.36","$97,455.45"
ELEVATION 6420 LLC - MECHEM DR - RETAIL,101 Mechem Dr,Ruidoso,NM,88345,"$23,457.81","$53,902.75","$77,360.56"
ELEVATION 6969 LLC/ RETAIL BENDIX ST UNIT E,212 Bendix St Unit E,Taos,NM,87571,"$25,299.84","$44,222.13","$69,521.97"
ELKHORN RETAIL LLC - 1205 RIVERSIDE RETAIL,1205 N Riverside Dr,Espanola,NM,87532,"$15,975.94","$45,034.08","$61,010.02"
R. GREENLEAF ORGANICS - PASEO DEL NORTE NE RETAIL,8150 Paseo del Norte NE,Albuquerque,NM,87109,"$24,123.82","$73,292.74","$97,416.56"
ELKHORN RETAIL LLC/ RETAIL CERRILLOS ROAD,1829 Cerrillos Road,Santa Fe,NM,87505,"$11,873.11","$35,273.76","$47,146.87"
ELKHORN RETAIL LLC/ RETAIL N GUADALUPE,604 N Guadalupe,Santa Fe,NM,87501,"$12,265.07","$36,738.13","$49,003.20"
ELKHORN RETAIL LLC/ RETAIL OLD SANTA FE TRAIL,507 Old Santa Fe Trail,Santa Fe,NM,87505,"$2,885.48","$14,490.57","$17,376.05"
ELKHORN RETAIL LLC/ RETAIL PASEO DEL SUR SUITE A,1033 Paseo Del Sur Suite A,Taos,NM,87571,"$10,771.68","$40,752.30","$51,523.98"
URBAN WELLNESS - CARMEL ROAD DISPENSARY,"7610 Carmel NE, Ste. B",Albuquerque,NM,87122,"$27,912.77","$68,147.44","$96,060.21"
AMNESIA DISPENSARY  ACCESSORIES - ISLETA BLVD RETAIL,2035 Isleta Blvd SW Ste 1,Albuquerque,NM,87105,"$18,081.50","$77,619.74","$95,701.24"
ENCHANTED CALICO,301 Central Avenue,Tularosa,NM,88352,$157.85,"$1,811.66","$1,969.51"
ENCHANTED DESERT FARMS LLC,1301 S Avenue D,Portales,NM,88130,"$11,226.36","$12,009.19","$23,235.56"
FLY HIGH NEW MEXICO LLC- RETAIL SAN MATEO BLVD NE STE C,4001 San Mateo Blvd NE Ste C,Albuquerque,NM,87110,"$21,594.17","$69,820.98","$91,415.15"
ENCHANTMENT GROWTH CO,714 S Commerce,Jal,NM,88252,$605,"$11,084.08","$11,689.08"
ENDO LLC - RETAIL,2903 Agua Fria St,Santa Fe,NM,87507,"$44,418","$53,184","$97,602"
BREAKING BUD DISPENSARY LLC - CENTRAL RETAIL,8715 Central Ave NW,Albuquerque,NM,87121,"$36,768.50","$53,972.16","$90,740.66"
ERIKA JANETH NAJERA - EAST PINE STREET RETAILER,118 E Pine St,Deming,NM,88030,$337.20,"$2,380.35","$2,717.55"
AMNESIA DISPENSARY  ACCESSORIES - SAN MATEO - RETAIL,"2723 San Mateo Blvd NE, Suite B",Albuquerque,NM,87110,"$16,669.28","$72,640.48","$89,309.76"
EUPHORIA GROUP LLC/ RETAIL E LOHMAN,1602 E Lohman,Las Cruces,NM,88011,"$13,264.08","$29,708.27","$42,972.35"
R. GREENLEAF ORGANICS DISPENSARY,4414 Menaul Blvd. NE,Albuquerque,NM,87110,"$40,034.78","$48,195.53","$88,230.31"
EVEREST APOTHECARY,202 State St,Texico,NM,88135,"$3,769.45","$67,728.91","$71,498.36"
EVEREST APOTHECARY,1580 Appaloosa Dr Ste 320,Sunland Park,NM,88063,"$3,240.77","$67,791.11","$71,031.88"
EVEREST APOTHECARY,3963 Cerrillos Rd Ste B,Santa Fe,NM,87507,"$11,809.67","$49,044.24","$60,853.91"
EVEREST APOTHECARY,1240 S Valley Dr Ste D,Las Cruces,NM,88005,"$10,243.84","$28,772.53","$39,016.37"
EVEREST APOTHECARY - RETAIL,5809 Juan Tabo,Albuquerque,NM,87111,"$17,418.81","$68,393.65","$85,812.46"
PURLIFE DISPENSARY,9800 Montgomery Blvd NE,Albuquerque,NM,87110,"$23,434.17","$60,895.55","$84,329.72"
EVEREST APOTHECARY - LAS CRUCES DISPENSARY,3841 East Lohman Ave,Las Cruces,NM,88011,"$10,807.16","$25,338.47","$36,145.63"
EVEREST APOTHECARY - LOS LUNAS DISPENSARY,"1651 Main Street, Suite E",Los Lunas,NM,87031,"$31,065.34","$85,821.69","$116,887.03"
EVEREST APOTHECARY DISPENSARY,"2201 Louisiana, Suite E",Albuquerque,NM,87110,"$16,622.12","$66,251.31","$82,873.43"
EVEREST APOTHECARY - WHITE SAGE RETAIL,4165 White Sage Arc,Las Cruces,NM,88012,"$19,290.38","$55,571.50","$74,861.88"
URBAN WELLNESS - ISLETA RETAIL,1605 Isleta Blvd Ste D,Albuquerque,NM,87105,"$27,500.18","$55,227.67","$82,727.85"
EVEREST APOTHECARY,6010 Coors Blvd Ste 3,Albuquerque,NM,87120,"$17,887.93","$64,205.52","$82,093.45"
EVEREST APOTHECARY/ RETAIL S MAIN STREET,203 S Main St,Belen,NM,87002,"$12,364.19","$24,610.04","$36,974.23"
FACTORY DIRECT PIPES REC - 7TH ST RETAIL,321 W 7th St Ste B,Clovis,NM,88101,,"$33,680.82","$33,680.82"
PROHIBITION 37 - SAN MATEO RETAIL,2621 San Mateo Blvd NE Ste B,Albuquerque,NM,87110,"$26,268.53","$52,426.59","$78,695.12"
FAMILY STRAINS 2 LLC - HWY 528 RETAIL,510 HWY 528 Ste G,Bernalillo,NM,87004,"$12,893.06","$45,558.31","$58,451.37"
FAMILY STRAINS LLC,111 Lujan Rd SE,Los Lunas,NM,87031,"$14,158.66","$40,194.32","$54,352.98"
FARMINGTON CRAFT LLC - BROADWAY RETAIL,1801 E Broadway St,Farmington,NM,87401,"$17,694.36","$73,388.33","$91,082.69"
LA MOTA NEW MEXICO LLC - 4TH ST RETAIL,2714 4th St NW,Albuquerque,NM,87107,$591.26,"$9,600.80","$10,192.06"
FCI OF NEW MEXICO - MENAUL BLVD RETAIL,4001 Menaul Blvd NE,Albuquerque,NM,87110,"$3,077.02","$14,624.26","$17,701.28"
FCI OF NEW MEXICO - SAN MATEO BLVD RETAIL,4000 San Mateo Blvd NE Ste A,Albuquerque,NM,87110,"$2,899.11","$15,678.85","$18,577.96"
LA MOTA NEW MEXICO LLC/ RETAIL INDIAN SCHOOL RD,1617 Indian School Rd,Albuquerque,NM,87104,"$1,952.44","$21,122.62","$23,075.06"
FCI OF NEW MEXICO - PICACHO AVE RETAIL,140 W Picacho Ave Unit C,Las Cruces,NM,88005,"$5,181.90","$23,006.28","$28,188.18"
LA MOTA NEW MEXICO LLC/ RETAIL AXTELL ST,3221 Axtell St,Clovis,NM,88101,"$1,393.21","$28,576.51","$29,969.72"
FCI OF NEW MEXICO - FARMINGTON RETAIL,3501 E Main St Ste 1  2,Farmington,NM,87402,"$4,293.66","$26,088.92","$30,382.58"
FCI OF NEW MEXICO - LOMAS RETAIL,1520 Lomas Blvd NW,Albuquerque,NM,87104,"$4,670.02","$26,473.39","$31,143.41"
PURLIFE RETAIL,2011 Mountain Road NW,Albuquerque,NM,87104,"$14,756.12","$56,856.64","$71,612.76"
URBAN WELLNESS - COORS RETAIL,200 Coors Blvd NW Suite D,Albuquerque,NM,87121,"$19,270.93","$52,307.32","$71,578.25"
FCI OF NEW MEXICO - ROSWELL RETAIL,2303 N Main St,Roswell,NM,88201,"$2,457.86","$30,394.68","$32,852.54"
FCI OF NEW MEXICO - ESPANOLA RETAIL,419 N Riverside Dr,Espanola,NM,87532,"$8,076.28","$29,886.46","$37,962.74"
BEFORE DAYLITE FARMS LLC - RETAIL,191 Alameda Blvd NE,Albuquerque,NM,87114,"$13,912.03","$57,023.38","$70,935.41"
FCI OF NEW MEXICO - CERRILLOS RD RETAIL,3256 Cerrillos Rd,Santa Fe,NM,87507,"$8,298.12","$35,489.72","$43,787.84"
FIELDS OF DREAMS - SUNLAND PARK RETAIL,159 Sunland Park Dr,Sunland Park,NM,88063,"$11,420.65","$1,099,186.43","$1,110,607.08"
FIELDS OF DREAMS EXPRESS LLC- 750 MAIN RETAIL,750 S Main Street,Las Cruces,NM,88001,"$6,901.37","$18,957.62","$25,858.99"
CARVER FAMILY FARM- RETAIL MICRO,8917 Adams ST NE,Albuquerque,NM,87113,"$24,349.13","$40,408.81","$64,757.94"
FLY HIGH CANNABIS LLC - SILVER HEIGHTS RETAIL,857 Silver Heights Blvd,Silver City,NM,88061,$791.33,"$1,189.75","$1,981.08"
AMNESIA DISPENSARY  ACCESSORIES,5000 Jefferson NE B,Albuquerque,NM,87109,"$10,564.82","$50,292.58","$60,857.40"
CHRONIC KINGS LLC - LOMAS BLVD RETAIL,400 Lomas Blvd NE,Albuquerque,NM,87102,"$11,826.31","$48,886.34","$60,712.65"
PECOS VALLEY PRODUCTION INC - ALAMEDA,3620 NM State Hwy 528,Albuquerque,NM,87114,"$14,216.82","$45,749.59","$59,966.41"
FREEDOM FARMS - DISPENSARY,6 Chili Plant Rd,Arrey,NM,87930,,$534.38,$534.38
FRESHBUDZ LLC - RIVERSIDE DR RETAIL,1811 N Riverside Dr Ste A,Espanola,NM,87532,"$54,576.06","$134,982.46","$189,558.52"
FRESHIES LLC/ RETAIL MCNUTT RD,5325 McNutt Rd,Santa Teresa,NM,88008,"$4,901.50","$41,784.51","$46,686.01"
"FROST STATION CANNABIS, LLC - BOSQUE FARMS BLVD RETAIL",1495 Bosque Farms Blvd,Bosque Farms,NM,87068,"$6,095.27","$13,643.20","$19,738.47"
"FROST STATION CANNABIS, LLC - HIGHWAY 85 RETAILER",508 Highway 85,Socorro,NM,87801,"$5,170.38","$12,127.77","$17,298.15"
"FROSTYS EMPORIUM, LLC- 1ST ST RETAIL",511 South 1st St.,Clayton,NM,88415,$131.45,"$8,927.23","$9,058.68"
FRUIT OF THE EARTH ORGANICS-DISPENSARY,901 Early Street,Santa Fe,NM,87505,"$36,791.17","$32,147.70","$68,938.87"
CANNACOLLC-COORS RETAIL,2528 Coors Blvd SW,Albuquerque,NM,87121,"$13,455.69","$45,174.41","$58,630.10"
HIGH DESERT RELIEF-NM-528 105 RETAIL,3410 NM-528 105,Albuquerque,NM,87114,"$31,008.02","$25,851.52","$56,859.54"
GANJIKA GARDENS LLC/ RETAIL RILEY WAY,1245 Riley Way,Chaparral,NM,88081,"$1,201.39","$18,032.18","$19,233.57"
GARDEN OF DREAMS CANNABIS LLC,5300 Mcnutt Rd,Santa Teresa,NM,88008,"$1,859.74","$34,253.93","$36,113.67"
BOUTIQUE HIGH - LOMAS BLVD RETAIL,13025 Lomas Blvd NE Ste B,Albuquerque,NM,87112,"$12,294.36","$44,375.29","$56,669.64"
LUNA LEAF LLC - RIDGECREST DR RETAIL,2017 Ridgecrest Dr SE,Albuquerque,NM,87108,"$14,730.02","$41,927.27","$56,657.28"
GLENRIO SMOKE STOP LLC/ RETAIL ROUTE 66,105 Route 66,Glenrio,NM,88434,"$2,574.05","$284,214.81","$286,788.86"
GLOBAL THC LLC- N CANAL ST RETAIL,611 N CANAL ST,Carlsbad,NM,79936,"$4,984.32","$16,842.18","$21,826.50"
GMCC INC - CERRILLOS RETAIL,1900 Cerrillos Rd,Santa Fe,NM,87505,"$4,355.75","$15,773.79","$20,129.54"
GNOMAD LLC - 3606 N MAIN RETAIL,"3606 N Main St, Unit 500",Roswell,NM,88201,"$14,499.28","$49,129.27","$63,628.55"
GNOMAD LLC - GRIMES ST RETAIL,3501 N Grimes St Ste 100,Hobbs,NM,88240,"$35,902.09","$144,864.89","$180,766.98"
GNOMAD LLC - SUDDERTH DR RETAIL/CONSUMPTION,2117 Sudderth Dr.,Ruidoso,NM,88345,"$8,457.53","$13,233.79","$21,691.32"
GNOMAD LLC-BROADWAY RETAIL,223 West Broadway Ste A,Tatum,NM,88267,"$10,046.80","$75,534.21","$85,581.01"
ANIMACANN INC-12TH ST RETAIL,3641 12th St,Albuquerque,NM,87107,"$15,966.79","$40,634.41","$56,601.20"
GRADYS CANNABIS LLC- RETAIL,111 N Main,Aztec,NM,87410,"$11,863.04","$57,233.71","$69,096.75"
GRANDE CULTIVATION COLLECTIVE LLC - HICKORY DR RETAIL,1455 Hickory Dr Ste 1B,Las Cruces,NM,88005,"$19,348.82","$86,352.96","$105,701.78"
GRANDE CULTIVATION COLLECTIVE LLC - MAIN ST - RETAIL,3459 Main St Suite E,Los Lunas,NM,87031,"$6,607.50","$16,277.15","$22,884.65"
R. GREENLEAF ORGANICS DISPENSARY,4014 Central Avenue SE,Albuquerque,NM,87108,"$19,854.50","$36,090.64","$55,945.14"
GRANDMAS POT SHOP LLC - PERALTA,2 Valencia Rd,Peralta,NM,87042,"$5,295.05","$19,807.95","$25,103"
"GRANDPAS HOME GROWN HERBS, LLC - VILLA CHRISTINA RETAIL",2419 North White Sands Blvd Suite C,Alamogordo,NM,88310,"$4,303","$15,013","$19,316"
GRASSROOTS RX GRANTS LLC DISPENSARY,1005 Mesa Blvd.,Grants,NM,87357,"$7,301.68","$13,280.20","$20,581.88"
PURLIFE- GOLF COURSE RD NW  RETAIL,8521 Golf Course Rd NW,Albuquerque,NM,87114,"$15,941.11","$39,974.49","$55,915.60"
CANNACOLLC - 4TH ST RETAIL,4200 4th St NW,Albuquerque,NM,87107,"$16,489.64","$37,287.47","$53,777.11"
GREEN FUEGO/ RETAIL MALLARD WAY B,7502 Mallard Way B,Santa Fe,NM,87507,"$30,949.94","$84,509.60","$115,459.54"
GREEN GROVE PRODUCTIONS- 7TH ST RETAIL,2216 W 7th St.,Clovis,NM,88101,"$3,745.63","$19,028.17","$22,773.80"
"GREEN LABS CANNABIS COMPANY, LLC- DERBY RD RETAIL",245 Derby Rd,Sunland Park,NM,88063,$214.38,"$31,185.37","$31,399.75"
GREEN LIGHT MULTIFACTOR LLC,1228 Parkway Drive Unit D,Santa Fe,NM,87507,"$11,298.31","$14,153.70","$25,452.01"
GREEN MINDED HOLDINGS LLC,2330 Sudderth Dr,Ruidoso,NM,88345,"$5,290.37","$30,455.37","$35,745.74"
GREEN MINDED HOLDINGS LLC,876 Highway 48,Alto,NM,88312,"$2,717.46","$12,479.73","$15,197.19"
GREEN MINDED HOLDINGS LLC - US HIGHWAY 380,6505 US Highway 380,Carrizozo,NM,88301,"$1,529.17","$10,954.54","$12,483.71"
"GREEN THERAPY DISPENSARY, LLC","460 County Line Drive, Space F",Chaparral,NM,88081,"$33,466.02","$437,093.32","$470,559.34"
GREEN WORLD TAOS INC,1034 Paseo de Pueblo Sur,Taos,NM,87571,"$22,699.82","$112,169.29","$134,869.11"
GREENE STREET HOLDINGS NEW MEXICO LLC- LOHMAN RETAIL,2060 Calle De Parin,Mesilla,NM,88046,"$12,375.30","$35,424.59","$47,799.90"
GREY MOON OPERATIONS LLC - RETAIL,3411 NM-18,Jal,NM,88252,"$4,528.38","$246,266.13","$250,794.51"
GRIND 2 PEACEFUL MIND LLC - 5TH ST RETAIL,350 W 8th St.,Vaughn,NM,88353,$446.22,"$5,923.96","$6,370.18"
GROTH INDUSTRIES LLC - SCHNEBERGER DR RETIAL,140 Schneberger Dr,Chaparral,NM,88081,"$1,017.77","$7,067.60","$8,085.37"
GS GANJA/ RETAIL STRAIGHT ARROW ROAD,726 Paseo Del Pueblo Sur Suite A,Taos,NM,87571,$475,"$5,912.25","$6,387.25"
JUICY JOINTS CANNABIS LLC - CUTLER AVENUE RETAILER,3600 Cutler Avenue NE Unit 10,Albuquerque,NM,87110,"$13,585.96","$39,938.21","$53,524.16"
"SMOKE HAVEN, LLC - JUAN TABO RETAILER",1720 Juan Tabo Suite E,Albuquerque,NM,87112,"$14,511.80","$38,794.89","$53,306.69"
HAPPY HERB LLC,412 Silver Heights Blvd,Silver City,NM,88061,"$8,237","$35,524.42","$43,761.42"
HAPPY HERB LLC - RETAIL BAYARD,1103 Tom Foy Boulevard,Bayard,NM,88023,"$4,948.78","$27,256.05","$32,204.83"
HAPPY HERB LLC - RETAIL SILVER CITY,2005 Hwy 180 Suite 300,Silver City,NM,88061,"$9,380.61","$42,230.99","$51,611.60"
AMNESIA DISPENSARY  ACCESSORIES - DOUGLAS RETAIL,2100 Juan Tabo Blvd NE,Albuquerque,NM,87112,"$12,604.25","$38,751.73","$51,355.98"
HASHTAG CANNABIS LLC - RETAIL,2460 Missouri Ave,Las Cruces,NM,88001,"$20,097.39","$50,424.23","$70,521.62"
HATCH VALLEY VENTURES LLC - FRANKLIN STREET RETAILER,629 Franklin Street,Hatch,NM,87937,"$2,046.78","$25,121.65","$27,168.43"
HERBAL WELLNESS SOLUTIONS LLC/ RETAIL HWY 35,2674 Hwy 35,San Lorenzo,NM,88041,$428.49,"$1,569.37","$1,997.86"
HERRERA CANNABIS COMPANY/ RETAIL HWY 550,6404 Hwy 550,Cuba,NM,87013,"$7,415.45","$58,640.04","$66,055.49"
SCORE 420 - OLD COORS DRIVE RETAILER,806 Old Coors Drive SW,Albuquerque,NM,87121,"$9,500.84","$41,732.02","$51,232.86"
HHNM LAS CRUCES 1 COMPANY- S VALLEY DR RETAIL,580 S. Valley Dr. Ste. 300,Las Cruces,NM,88005,"$3,906.24","$11,558.86","$15,465.10"
HHNM LAS CRUCES 2 COMPANY- NORTH MAIN ST RETAIL,1685 North Main St,Las Cruces,NM,88001,"$3,351.17","$9,824.28","$13,175.45"
HI LEVEL LOGISTICS LLC/ RETAIL E TATUM HIGHWAY,609 Tatum Highway,Lovington,NM,88260,$938.30,"$10,143.95","$11,082.25"
HI LIFE DISPENSARY LLC - MCNUTT RD - RETAIL,5620 McNutt Rd,Santa Teresa,NM,88008,"$6,249.39","$46,440.84","$52,690.23"
HIGH ALTITUDE EXOTICS LIMITED LIABILITY COMPANY/ RETAIL WEST BROADWAY,109 West Broadway,Farmington,NM,87401,"$6,368.23","$37,832.36","$44,200.59"
HIGH CLASS/ RETAIL AGUA FRIA ST SUITE 10,2778 Agua Fria St Suite 5,Santa Fe,NM,87507,"$28,472.10","$37,283.25","$65,755.35"
HIGH DESERT RELIEF - US 550 RETAILER,113 US 550,Bernalillo,NM,87004,"$15,009.75","$27,261.71","$42,271.46"
HIGH DESERT RELIEF DISPENSARY,5041 Main Street,Santa Fe,NM,87507,"$68,431.11","$121,437.44","$189,868.55"
SCORE 420 - CENTRAL AVENUE RETAILER,12999 Central Avenue,Albuquerque,NM,87123,"$7,396.52","$43,178.93","$50,575.45"
"KIJANI CORP - WYOMING BLVD, ABQ",343 Wyoming Blvd NE,Albuquerque,NM,87123,"$15,548.05","$33,518.38","$49,066.43"
"HIGH DESERT RELIEF-N CENTRAL AVENUE, SUITE A RETAIL","3817 N Central Avenue, Suite A",Hobbs,NM,88240,"$6,223.36","$31,970.77","$38,194.13"
CANVAS ORGANICS ENTERPRISES LLC - EUBANK BLVD RETAIL,401 Eubank Blvd SE Ste. D,Albuquerque,NM,87123,"$11,451.57","$37,348.06","$48,799.62"
HIGH FLYER DISPENSARY LLC-SILER RD RETAIL,1161 Siler rd,Santa Fe,NM,87507,"$1,611.44","$4,826.26","$6,437.70"
GOT GREENS LLC - CORRALES RD RETAIL,10200 Corrales Rd NW Ste E-2,Albuquerque,NM,87114,"$12,520.74","$34,991.32","$47,512.06"
HIGH STANDARDS 23 - MABRY DR. RETAIL,3806 Mabry Dr.,Clovis,NM,88101,"$12,612.75","$45,981.20","$58,593.95"
HIGH SUPPLY CANNABIS LLC - MAIN AVE RETAIL,106 N Main Ave,Portales,NM,88130,"$7,313.67","$24,124.18","$31,437.85"
PROHIBITION 37,1514 Coors Blvd Ste B,Albuquerque,NM,87121,"$14,162.80","$31,250.08","$45,412.88"
HIGHER GRADE FARMS LLC - INDIAN WELLS RETAIL,1610 Indian Wells Rd,Alamogordo,NM,88310,$281.02,$222.96,$503.98
HIGHLINE CANNABIS LLC,1103 S Main St,Lovington,NM,88260,"$8,600.86","$36,105.87","$44,706.72"
HONEYBUDZ LLC - MONROE ST RETAIL,422 Monroe,Clayton,NM,88415,,"$1,810.25","$1,810.25"
HORIZON GROWERS OF NEW MEXICO LLC - RETAIL MAIN AVE,312 S Main Ave,Portales,NM,88130,"$8,875.01","$25,187.15","$34,062.16"
HOT SPRINGS CANNABIS - DATE ST RETAIL,412 Date St.,Truth or Consequences,NM,87901,"$11,067.06","$28,120.26","$39,187.32"
A FARMER AND HIS DOG LLC-INDIAN SCHOOL RETAIL,9402 Indian School Rd NE,Albuquerque,NM,87112,"$10,765.53","$34,566.69","$45,332.22"
HOUSE OF FLOWERS ON THE BORDER LLC - MANU,1042 State Line,Chaparral,NM,88081,$8.38,,$8.38
HOUSE OF FLOWERS ON THE BORDER LLC - RETAIL,1042 State Line,Chapparal,NM,88081,"$3,890.37","$73,412.62","$77,302.99"
"HUSTLE BOYZ, LLC - RIVERSIDE DR RETAIL",908 N Riverside Dr,Espanola,NM,87532,"$9,070.91","$16,394.16","$25,465.07"
IGWT LLC - NM165 RETAIL,221 NM165 Suite J,Placitas,NM,87043,"$3,339","$11,366","$14,705"
EVEREST APOTHECARY - DISPENSARY,9237 4th St. NW,Albuquerque,NM,87114,"$12,479.20","$32,271.05","$44,750.25"
J AND J LOAN COMPANY- MCNUTT RETAIL,1144 McNutt,Sunland Park,NM,88063,$219.43,"$51,180.51","$51,399.94"
"JACC LIFE, LLC",2483 U.S. Rt 66,Santa Rosa,NM,88435,"$12,838","$58,456.60","$71,294.60"
JAR-O LLC - HULL ST RETAIL,416 N. Hull St.,Clovis,NM,88101,"$44,081.78","$146,751.02","$190,832.80"
JEMEZ MOUNTAIN MEDS LLC - HIGHWAY 4 RETAIL,17502 Highway 4 Suite B,Jemez Springs,NM,87025,"$1,211.45","$5,079.84","$6,291.29"
LEAF AND FLOWER LLC-4TH ST RETAIL,6015 4th St NW,Albuquerque,NM,87107,"$12,654.77","$30,963.63","$43,618.40"
MAMA AND THE GIRLS / RETAIL LAGUAYRA DR NE,915 Yale SE,Albuquerque,NM,87106,"$5,520.39","$37,487.69","$43,008.08"
K PAYNE RELIEF/ RETAIL MISSOURI AVENUE,2505 Missouri Avenue,Las Cruces,NM,88011,"$15,487.67","$30,020.07","$45,507.75"
KANNABIS KLUB/ RETAIL SAN JUAN BLVD,1930 San Juan Blvd A,Farmington,NM,87401,"$1,681.44","$7,558.06","$9,239.50"
KDS DISPENSARY - FIRST ST RETAIL,603 S First St,Clayton,NM,88415,"$5,226.69","$67,609.21","$72,835.90"
KEYWAY - DISPENSARY -OPEN,24 Bisbee Ct.,Santa Fe,NM,87508,"$7,075.17","$10,845.37","$17,920.54"
KEYWAY- RETAIL,1592 San Mateo Lane,Santa Fe,NM,87505,"$4,911.48","$9,359.07","$14,270.55"
REDS MARIJUANA SHOP LLC - OLD COORS DR RETAIL,207 Old Coors Dr SW,Albuquerque,NM,87121,"$14,906.54","$26,905.45","$41,811.99"
KINDLIFE KIRTLAND LLC/ RETAIL HIGHWAY 64,4354 Highway 64,Kirtland,NM,87417,$539.91,"$13,634.07","$14,173.98"
EVEREST APOTHECARY- ALBUQUERQUE DISPENSARY,"4201 Central Avenue NW, Suite B-6",Albuquerque,NM,87105,"$9,660.81","$31,233.47","$40,894.28"
KURE LLC - OLD LV HWY RETAILER,628 Old Las Vegas Hwy,Santa Fe,NM,87508,"$9,988","$29,939","$39,927"
"KURE, INC. - DISPENSARY",220 N. Guadalupe Street,Santa Fe,NM,87507,"$10,233","$29,095","$39,328"
"KURE, INC. DISPENSARY SANTA FE THIRD LOCATION",3354 Cerrillos Rd,Santa Fe,NM,87507,"$22,520","$64,150","$86,670"
"KUSHOLOGY 101 LLC - OHARA RD, RETAIL",1600 E OHara Rd,Anthony,NM,88021,$827.73,"$17,907.01","$18,734.74"
LA LUZ ORGANICS LLC - CAMINO DEL PUEBLO RETAIL,961 S Camino Del Pueblo,Bernalillo,NM,87004,$825.18,"$3,857.62","$4,682.80"
HF HOLDINGS LLC - GOLF COURSE RETAIL,904 Broadway NE St. A,Albuquerque,NM,87102,"$8,924.91","$31,963.12","$40,888.03"
FCI OF NEW MEXICO - HOBBS RETAIL,4301 N Grimes St Suite 600,Hobbs,NM,88240,"$2,574.30","$45,082.42","$47,656.72"
CRANIUM EXTRACTS LLC,"4501 4th Street NW, Suite F",Albuquerque,NM,87107,"$12,950.93","$27,612.60","$40,563.53"
LAGGRAY LLC,3023 S First St,Tucumcari,NM,88401,"$9,462.34","$105,902.93","$115,365.27"
CANVAS ORGANICS ENTERPRISES LLC - SAN PEDRO DR RETAIL,3000 San Pedro Drive NE Suite B,Albuquerque,NM,87110,"$11,443.97","$27,337.05","$38,781.02"
LAVA WELLNESS,1208  East Highway 66,Gallup,NM,87301,"$43,779.43","$295,681.25","$339,460.68"
LAVISH BUDS,142 Wyatt DR,Las Cruces,NM,88005,$251.17,$497.69,$748.86
LAVISH LEAF LLC- 10TH STREET RETAIL,604 Tenth St,Alamogordo,NM,88310,"$8,188.07","$9,721.85","$17,909.92"
TAFOYA FARMS LLC/ RETAIL 4TH ST NW,3313 4th St NW,Albuquerque,NM,87107,"$11,421.01","$24,752.69","$36,173.70"
NM ALTITUDE LLC - VISTA OESTE NORTHWEST RETAILER,2105 Vista Oeste NW STE D,Albuquerque,NM,87120,"$7,758.25","$28,318.49","$36,076.74"
SCORE 420/ RETAIL CENTRAL AVE NE,4521 Central Ave NE,Albuquerque,NM,87108,"$7,555.07","$28,402.49","$35,957.56"
LEAF REPUBLIC - HWY 314 NW RETAIL,127 Hwy 314 NW,Los Lunas,NM,87031,"$4,267.55","$18,642.65","$22,910.20"
LEWIS AND SCHRAMM LLC - ENGLISH RD RETAIL,4601 English Rd,Farmington,NM,87402,"$2,787.55","$33,542.48","$36,330.03"
"LIFTED, A FINE CANNABIS BOUTIQUE LLC/ RETAIL SOUTH FIRST STREET",1824 South First Street,Tucumcari,NM,88401,"$15,894.56","$47,056.11","$62,950.67"
LL MANAGEMENT LLC,3513 Main St,Los Lunas,NM,87031,"$48,699.78","$70,945.31","$119,645.09"
LOONIE ZOONIE LABORATORIES LLC RETAIL SAN MATEO BLVD NE,729 NM-22,Pena Blanca,NM,87041,$580.54,$496.88,"$1,077.42"
BMD LLC-SAN MATEO BLVD NE SUITE A RETAIL,5231 San Mateo Blvd NE Suite A,Albuquerque,NM,87109,"$15,090.66","$20,403","$35,493.66"
RR DESIGNS LLC - MENAUL RETAIL,214 Menaul Unit B C,Albuquerque,NM,87107,"$2,856.42","$32,469.76","$35,326.18"
BOGOSLLC - JUAN TABO RETAILER,1300 Juan Tabo ne suite C,Albuquerque,NM,87112,"$3,501.69","$30,241.14","$33,742.83"
NM ALTITUDE LLC - LOUISIANA BLVD RETAIL,8110 Louisiana Blvd NE Suite D-1,Albuquerque,NM,87113,"$5,452.29","$27,991.19","$33,443.48"
AMIGOS MARKETING - MENAUL BLVD NORTHEAST RETAILER,3880 menaul blvd ne,Albuquerque,NM,87110,"$10,710.80","$22,674.86","$33,385.66"
LOVES CANNABIS- ISLETA RETAIL,3228 Isleta Blvd SW,Albuquerque,NM,87105,"$3,923.48","$29,164.95","$33,088.43"
LYONS PRIDE DISPENSARY LLC/ RETAIL ADAMS,900 Adams,Alamogordo,NM,88310,"$2,378.66","$2,526.94","$4,905.60"
M AND M 2025 LLC - EAST 7TH STREET RETAILER,2300 E 7th ST,Clovis,NM,88101,"$4,948.72","$21,858.33","$26,807.05"
M AND M 2025 LLC - NORTH NORRIS STREET RETAILER,408 n Norris st,Clovis,NM,88101,"$7,184.77","$12,171.08","$19,355.85"
M AND M 2025 LLC - NORTH PRIMES STREET RETAILER,221 n primes st,Clovis,NM,88101,"$2,498.80","$11,209.99","$13,708.79"
M THOMAS LLC - MECHAEM DRIVE - CONSUMPTION/RETAIL,412 Mechaem Drive,Ruidoso,NM,88345,"$3,239.04","$15,512.10","$18,751.14"
M THOMAS LLC - PICACHO AVE RETAILER/CONSUMPTION LOUNGE,1275 W Picacho Ave,Las Cruces,NM,88005,"$14,487.85","$39,418.16","$53,906.01"
M THOMAS LLC - SOLANO DR RETAILER,301 N Solano Dr,Las Cruces,NM,88001,$71.40,$99.40,$170.80
M THOMAS LLC- E IDAHO AVE CONSUMPTION,523 E Idaho ave,Las Cruces,NM,88001,"$2,445.49","$3,308.75","$5,754.24"
FCI OF NEW MEXICO - LLANO ESTACADO RETAIL,601 Llano Estacado,Clovis,NM,88101,"$7,432.42","$42,731.46","$50,163.88"
LOVES CANNABIS,1220 Eubank Blvd NE Ste B,Albuquerque,NM,87112,"$4,550.39","$25,585.63","$30,136.02"
"MADRID CANNABIS, INC - RAILYARD LN, RETAIL",8 Railyard Ln,Madrid,NM,87010,"$2,563","$10,916","$13,479"
MAMA AND THE GIRLS -,142 Daniel Dt,Santa Fe,NM,87501,"$1,029.10","$3,758.02","$4,787.12"
CANVAS ORGANICS ENTERPRISES LLC - YALE BLVD RETAIL,1309 Yale Blvd SE,Albuquerque,NM,87106,"$5,697.20","$24,099.54","$29,796.74"
ANIMACANN INC-JUAN TABO UNIT J RETAIL,1016 Juan Tabo Unit J,Albuquerque,NM,87112,"$7,897.64","$21,560.22","$29,457.85"
MEDD LLC - PALOMA BLANCA RETAIL,170 McCombs,Chaparral,NM,88081,"$3,025.95","$76,950.59","$79,976.54"
MERCAN DREAMS LLC - CAMINO DEL PUEBLO RETAIL,872 Camino Del Pueblo Ste F,Bernalillo,NM,87004,,$723.27,$723.27
MERCAN DREAMS LLC- BERNA RETAIL,965 US-550 Ste B,Bernalillo,NM,87004,,"$2,236.11","$2,236.11"
MESA FLOWERS,617 S Cochran,Hobbs,NM,88240,"$5,426.37","$28,883.08","$34,309.45"
MGGA LLC - MALONEY ST RETAIL,1020 W Maloney Ste A,Gallup,NM,87301,"$2,293.36","$82,743.07","$85,036.43"
MINDSCAPE VENTURES LLC/ RETAIL E BENDER BLVD,708 E Bender Blvd,Hobbs,NM,88240,"$48,750.69","$213,456.53","$262,207.22"
FAMILY STRAINS 2 LLC,12611 Montgomery Blvd NE Suite A10,Albuquerque,NM,87111,"$4,397","$24,645.61","$29,042.61"
MONSTER HOUSE SMOKE LLC-RETAIL / CONSUMPTION,412 Mechem Dr,Ruidoso,NM,88035,"$1,036.38","$5,396.72","$6,433.10"
MOTAVATED LLC-207 SOUTH MAIN ST RETAIL,207 South Main St,Belen,NM,87002,"$11,996.90","$29,536.94","$41,533.84"
MOTHERS MEDS LLC - MAIN ST RETAIL,5100 E Main St Suite 105,Farmington,NM,87402,"$12,352.54","$27,941.93","$40,294.47"
ELEMENTS DISPENSARY LLC/ RETAIL LOMAS BLVD NE,9901 Lomas Blvd NE,Albuquerque,NM,87112,"$7,254.15","$21,682.89","$28,937.04"
MOUNTAIN HIGH EXPRESS,2381 Frontage Rd,Chama,NM,87520,"$1,154.09","$31,334.32","$32,488.41"
MUNCHIEZ CANNABIS LLC - SUDDERTH DR RETAIL,1715 Sudderth Dr,Ruidoso,NM,88345,"$32,129.50","$105,085.50","$137,215"
MUNCHIEZ CANNABIS LLC - WHITE SANDS BLVD RETAIL,1022 N White Sands Blvd,Alamogordo,NM,88310,"$21,237.50","$48,092","$69,329.50"
MUNCHIEZ CANNABIS LLC- SOLANO RETAIL,1201 South Solano Drive,Las Cruces,NM,88001,"$34,855","$94,112.43","$128,967.43"
MY STASH - NM-264 RETAIL,NM-264 491,Yah Ta Hey,NM,87375,$445.54,"$31,982.22","$32,427.76"
N.M. CANNACO- N CANAL ST RETAIL,1410 N Canal St,Carlsbad,NM,88220,"$12,073.08","$36,718","$48,791.08"
GENERATION HEALTH NM,2621 Wyoming,Albuquerque,NM,87112,"$7,209.26","$21,684.72","$28,893.98"
"NEBRO, LLC",1999 Futurity Drive Unit A,Sunland Park,NM,88063,"$3,433.51","$75,935.77","$79,369.28"
NERA LLC/ RETAIL HIGHWAY 213,1000 N Main,Las Cruces,NM,88081,"$13,794.26","$19,981.36","$33,775.62"
NEW AIR LLC,105 E Paseo de Onate,Espanola,NM,87532,"$45,533.82","$49,308.66","$94,842.48"
NEW ERA NM LLC - FOOTHILLS RD RETAIL,3850 Foothills Rd Suite 5,Las Cruces,NM,88011,"$1,079.26","$3,873.41","$4,952.67"
NEW MEXICO TOP ORGANICS ULTRA HEALTH INC,"4 George Court Suites B, C, D",Edgewood,NM,87015,"$6,414.08","$26,590.91","$33,004.99"
NEW MEXICO TOP ORGANICS ULTRA HEALTH INC,805 Main Street,Lordsburg,NM,88045,"$6,240.64","$22,296.80","$28,537.44"
NEW MEXICO TOP ORGANICS ULTRA HEALTH INC,1973 Historic Route 66,Santa Rosa,NM,88435,"$5,471.16","$12,519.56","$17,990.72"
NEW MEXICO TOP ORGANICS ULTRA HEALTH INC,745 Highway 64,Eagle Nest,NM,87718,"$2,345.10","$13,349.96","$15,695.06"
NEW MEXICO TOP ORGANICS ULTRA HEALTH INC,1965 Bataan Memorial,Las Cruces,NM,88012,"$5,588.80","$5,869.01","$11,457.81"
NEW MEXICO TOP ORGANICS ULTRA HEALTH INC  1ST ST RETAIL,524 S. 1st St.,Clayton,NM,88415,"$5,436.35","$16,330.13","$21,766.48"
NEW MEXICO TOP ORGANICS ULTRA HEALTH INC  2ND ST RETAIL,1012 W. 2nd st,Portales,NM,88130,"$2,057.17","$6,596.66","$8,653.83"
NEW MEXICO TOP ORGANICS ULTRA HEALTH INC  ALAMOGORDO RETAIL,601 N White Sands Blvd,Alamogordo,NM,88310,"$7,962.28","$6,280.95","$14,243.23"
NEW MEXICO TOP ORGANICS ULTRA HEALTH INC  BROADWAY RETAIL,610 N. Broadway,Truth or Consequences,NM,87901,"$6,539.82","$17,537","$24,076.82"
NEW MEXICO TOP ORGANICS ULTRA HEALTH INC  CANAL ST RETAIL,1301 S.  Canal St,Carlsbad,NM,88220,"$5,456.82","$21,095.51","$26,552.33"
NEW MEXICO TOP ORGANICS ULTRA HEALTH INC  CLOVIS RETAIL,1512 N. Prince,Clovis,NM,88101,"$7,077.12","$4,677.99","$11,755.11"
ROUTE 66 SMOKE SHOP LLC / RETAIL RHODE ISLAND ST NE,8900 Central Ave SE,Albuquerque,NM,87123,"$1,706.60","$26,652.19","$28,358.79"
NEW MEXICO TOP ORGANICS ULTRA HEALTH INC  ESPANOLA RETAIL,811 A. North Riverside Drive,Espanola,NM,87532,"$10,921.02","$10,597.30","$21,518.32"
NEW MEXICO TOP ORGANICS ULTRA HEALTH INC  GALLUP DISPENSARY,200 W. Coal Ave,Gallup,NM,87301,"$3,401.40","$33,844.27","$37,245.67"
NEW MEXICO TOP ORGANICS ULTRA HEALTH INC  LAS CRUCES RETAIL,"1600 South Valley Drive, Suite D",Las Cruces,NM,88005,"$7,014.15","$8,896.35","$15,910.50"
NEW MEXICO TOP ORGANICS ULTRA HEALTH INC  LAS VEGAS DISPENSARY,252/254 Mills Ave.,Las Vegas,NM,87701,"$4,191.27","$8,531.06","$12,722.33"
RIO GRANDE FARMACEUTICALS LLC,"6919 Montgomery Blvd NE, Suite B",Albuquerque,NM,87109,$220,"$27,541.04","$27,761.04"
NEW MEXICO TOP ORGANICS ULTRA HEALTH INC  N DAL PASO RETAIL,3211 N Dal Paso,Hobbs,NM,88240,"$4,714.16","$23,566.21","$28,280.37"
NEW MEXICO TOP ORGANICS ULTRA HEALTH INC  PINE RETAIL,807 E. Pine,Deming,NM,88030,"$5,625.69","$18,961.93","$24,587.62"
NEW MEXICO TOP ORGANICS ULTRA HEALTH INC  ROSWELL DISPENSARY,"2800 N. Main Street, Suite 4",Roswell,NM,88201,"$4,048.78","$9,637.40","$13,686.18"
NEW MEXICO TOP ORGANICS ULTRA HEALTH INC  SILVER CITY RETAIL,2320 Highway 180 East,Silver City,NM,88061,"$13,547.28","$22,864.99","$36,412.27"
NEW MEXICO TOP ORGANICS ULTRA HEALTH INC  SOUTHERN BLVD RETAIL,"3851 Southern Blvd., SE",Rio Rancho,NM,87124,"$13,002.32","$23,944.16","$36,946.48"
NEW MEXICO TOP ORGANICS ULTRA HEALTH INC  SUNLAND PARK RETAIL,1155 McNutt Road,Sunland Park,NM,88063,"$5,046.65","$25,131.72","$30,178.37"
NEW MEXICO TOP ORGANICS ULTRA HEALTH INC - CAMINO DON TOMAS RETAIL,255 Camino Don Tomas,Bernalillo,NM,87004,"$5,148.45","$6,758.22","$11,906.67"
NEW MEXICO TOP ORGANICS ULTRA HEALTH INC - ST MICHAELS DR RETAIL,1907 St. Michaels Drive,Santa Fe,NM,87505,"$6,274.05","$14,041.65","$20,315.70"
LEAF AND FLOWER LLC/ RETAIL LOMAS BLVD NE,4711 Lomas Blvd NE,Albuquerque,NM,87110,"$10,277.89","$17,191.79","$27,469.68"
BOUTIQUEBUDZ LLC - MENAUL RETAIL,4701 Menaul Blvd NE,Albuquerque,NM,87110,"$6,738.82","$20,633.73","$27,372.55"
NM ALTITUDE RETAIL,1100 State Highway 528 Ne Suite A,Rio Rancho,NM,87144,"$24,609.09","$62,098.01","$86,707.10"
NM GREEN DOOR LLC/ RETAIL E BRAZOS,815 E Brazos,Portales,NM,88130,"$11,245","$20,468.02","$31,713.02"
NM HY-LYFE LLC - STATE RD 68 RETAIL,701 State Rd 68,Alcalde,NM,87511,"$8,264.03","$28,753.21","$37,017.24"
ELKHORN RETAIL LLC/ RETAIL 98TH ST SW,101 98th St SW,Albuquerque,NM,87121,"$7,535.60","$19,708.44","$27,244.04"
NUVES LLC - RANCH ROAD RETAIL,101 Maguey Suite 4,Sunland Park,NM,88063,$178.99,"$30,535.90","$30,714.89"
OBI WAN CANNABIS LLC,2167 McNutt Rd suite A,Sunland Park,NM,88063,"$1,157.43","$17,313.99","$18,471.42"
OBSIDIAN HAZE LLC,1600 Ave O,Eunice,NM,88231,"$4,744.57","$86,449.26","$91,193.83"
RED GORILLA GREENS - 4TH ST RETAIL,1100 4th St NW,Albuquerque,NM,87102,"$5,587.48","$21,099.08","$26,686.56"
OCC ABQ LLC,1407 West 2nd St,Roswell,NM,88201,"$139,573.27","$232,631.66","$372,204.93"
OCC ABQ LLC,426 E Main St,Farmington,NM,87401,"$80,052.52","$264,525.91","$344,578.43"
LUNA LEAF LLC - RIO GRANDE BLVD NORTHWEST RETAILER,2400 rio grande blvd nw suite B,Albuquerque,NM,87104,"$7,314.25","$17,586.29","$24,900.54"
KITE LLC DBA THRIVE CRAFT CANNABIS CO - RETAIL/CONSUMPTION 2ND STREET NW,5926 2nd Street NW,Albuquerque,NM,87107,"$12,039.72","$11,813.20","$23,852.92"
HARVEST FOUNDATION ALBUQUERQUE DISPENSARY,"220 Copper Avenue NW, Suite 110, Unit 4",Albuquerque,NM,87102,"$6,755.42","$16,720.44","$23,475.86"
FCI OF NEW MEXICO - LAS VEGAS RETAIL,1608 7th St,Las Vegas,NM,87701,"$15,842.60","$44,598.64","$60,441.24"
LTDM LLC - ISLETA BLVD RETAIL,468 Isleta Blvd SW,Albuquerque,NM,87105,"$6,342.71","$15,936.38","$22,279.09"
OVERGROWN LLC- RIO GRANDE BLVD RETAIL,1301 Rio Grande Blvd NW Ste 2,Albuquerque,NM,87104,"$4,408.96","$17,444.83","$21,853.79"
OCC ABQ LLC - RIO COMMUNITIES RETAIL,300 Rio Communities,Belen,NM,87002,"$48,221.26","$73,659.17","$121,880.43"
LALA LAND CANNABIS CO - EUBANK BLVD NORTHEAST RETAILER,337 Eubank BLVD NE,Albuquerque,NM,87123,"$8,487.32","$13,245.70","$21,733.02"
OCC ABQ LLC- N GRAND AVE,2201 N Grand Ave,Las Vegas,NM,87701,"$66,408.62","$93,986.78","$160,395.40"
HIGH LOADED FARMS LLC - BROADWAY BLVD RETAILER,637 Broadway Blvd SE Suite A,Albuquerque,NM,87102,"$6,910.20","$13,898.29","$20,808.49"
OFF GRID GROW COMPANY LLC - NM-434 RETAIL,11 Halo Pines Terrace,Angel Fire,NM,87110,"$10,295.99","$54,707.35","$65,003.34"
OHM ORGANICS LLC - CERRILLOS RD. RETAIL,3501 Cerrillos Rd,Santa Fe,NM,87507,"$4,264.47","$26,657.92","$30,922.39"
OLD GODS CANNABIS INC/ RETAIL APPALOOSA UNIT7,1541 Appaloosa Unit 7,Sunland Park,NM,88063,"$2,382.01","$125,245.71","$127,627.72"
ES HOLDINGS LLC - CENTRAL RETAIL,8508 Central Ave SE,Albuquerque,NM,87108,"$6,108.44","$13,938.23","$20,046.67"
ORGAN MOUNTAIN WELLNESS LLC - RETAIL,1590 E Lohman Ave,Las Cruces,NM,88001,"$4,079.40","$9,207.12","$13,286.52"
ORIGINAL CCO LLC,814 Silver Ave,Deming,NM,88030,"$1,887.91","$17,446","$19,333.91"
MAD HATTER GROW LLC - CENTRAL RETAIL,301 Central Ave NW,Albuquerque,NM,87102,"$2,432.30","$17,174.57","$19,606.87"
A NICE DREAM INC - EDITH RETAIL,2506 San Mateo Place,Albuquerque,NM,87110,"$18,617.13",$920.40,"$19,537.53"
PECOS VALLEY PRODUCTION INC - EUBANK RETAIL,121 Eubank NE Ste A,Albuquerque,NM,87123,"$7,103.73","$12,218.53","$19,322.26"
PECOS VALLEY PRODUCTION INC - 1ST ST RETAIL,501 S 1st St,Artesia,NM,88210,"$38,646.23","$130,037.60","$168,683.83"
H2H DISTRIBUTION LLC - SAN MATEO RETAILER,300 San Mateo Blvd SE,Albuquerque,NM,87108,"$2,954.61","$16,109.51","$19,064.12"
LOVES CANNABIS,818 San Mateo Boulevard Southeast,Albuquerque,NM,87108,"$3,621.13","$15,336.64","$18,957.77"
PECOS VALLEY PRODUCTION INC - APPALOOSA DR RETAIL,1925 Appaloosa Dr,Sunland Park,NM,88063,"$2,356.86","$43,233.47","$45,590.33"
PECOS VALLEY PRODUCTION INC - BROADWAY ST RETAIL,311 W Broadway St,Hobbs,NM,88240,"$6,383","$106,139.03","$112,522.03"
PECOS VALLEY PRODUCTION INC - CANAL ST RETAIL,812 N. Canal Street,Carlsbad,NM,88220,"$10,041.40","$40,548.22","$50,589.62"
PECOS VALLEY PRODUCTION INC - COUNTRY CLUB RETAIL,313 W Country Club,Roswell,NM,88201,"$13,573.41","$50,549.76","$64,123.17"
FCI OF NEW MEXICO - TAOS RETAIL,1128 Paseo del Pueblo Sur,Taos,NM,87571,"$10,302.86","$60,345.94","$70,648.80"
PECOS VALLEY PRODUCTION INC - LOCUST ST RETAIL,2460 Locust St Ste1,Las Cruces,NM,88001,"$14,191.77","$41,318.82","$55,510.59"
PECOS VALLEY PRODUCTION INC - LOVINGTON HWY RETAIL,2620 N Lovington Hwy,Hobbs,NM,88240,"$3,964.78","$36,076.29","$40,041.07"
PECOS VALLEY PRODUCTION INC - MAIN ST RETAIL,737 N Main St,Roswell,NM,88201,"$24,524.16","$101,606.50","$126,130.66"
PECOS VALLEY PRODUCTION INC - MERMOD ST RETAIL,810 W Mermod St,Carlsbad,NM,88220,"$26,345.49","$68,962.90","$95,308.39"
PECOS VALLEY PRODUCTION INC - N PRINCE ST RETAIL,4024 N Prince St Ste G,Clovis,NM,88101,"$26,239.98","$116,109.89","$142,349.87"
PECOS VALLEY PRODUCTION INC - OLD 66 HWY RETAIL,1942 Old 66 HWY,Edgewood,NM,87015,"$32,331.37","$97,029.21","$129,360.58"
PECOS VALLEY PRODUCTION INC - RETAIL NAVAJO,310 W Navajo Dr,Hobbs,NM,88240,"$14,418.38","$126,861.54","$141,279.92"
PECOS VALLEY PRODUCTION INC - ROADRUNNER PARKWAY RETAIL,"3050 Roadrunner Parkway, Ste A2",Las Cruces,NM,88011,"$25,444.29","$56,446.46","$81,890.75"
PECOS VALLEY PRODUCTION INC - RUIDOSO RETAIL,1000 Sudderth Drive,Ruidoso,NM,88345,"$11,228.49","$21,068.22","$32,296.71"
PECOS VALLEY PRODUCTION INC - WHITE SANDS RETAIL,300 N White Sands Blvd.,Alamogordo,NM,88310,"$17,990.09","$27,496.21","$45,486.30"
PHARMTRUE LLC,227 S Main St,Las Cruces,NM,88001,"$1,291.25",$902.36,"$2,193.61"
PHARMTRUE LLC - S VALLEY DR RETAILER,580 S Valley Dr Suite 300,Las Cruces,NM,88005,"$4,213.87","$18,133.26","$22,347.13"
PHARMTRUE LLC- 1685 N MAIN RETAIL,1685 N Main St,Las Cruces,NM,88001,"$3,838.75","$15,596.53","$19,435.28"
PHAT BOY PHARMS LLC,305 S. Bullard St.,Silver City,NM,88061,$200,"$2,219.16","$2,419.16"
PHENO PHARMS LLC - RUIDOSO RETAIL,"2631 Sudderth Dr, Ste B",Ruidoso,NM,88345,"$2,236.95","$10,348.63","$12,585.58"
PINOS ALTOS FARMS LLC,1101 Vado Rd,Vado,NM,88072,"$1,696.82","$23,469.20","$25,166.02"
PRESS LABS INCORPORATED - UNION AVE RETAIL,711 N Union Ave,Roswell,NM,88201,$305,$171,$476
PROCESS MANAGEMENT CONTROL - E GREENE RETAIL,3106 E Greene St,Carlsbad,NM,88220,"$5,615.83","$11,557.06","$17,172.89"
PROCESS MANAGEMENT CONTROL - LOVING RETAIL,11 El Lobo Road,Loving,NM,88256,"$1,735.61","$10,211.15","$11,946.76"
SEVEN TEN LLC/ RETAIL CENTRAL AVE SE,6910 Central Ave SE,Albuquerque,NM,87108,$688.74,"$17,691.09","$18,379.83"
PROHIBITION 37 - E HWY 66 RETAIL,1005 E. Hwy 66,Gallup,NM,87301,"$28,856.96","$190,213.81","$219,070.78"
PROHIBITION 37 - MANZANARES AVE RETAIL,103 Manzanares Ave,Socorro,NM,87801,"$11,160.89","$29,013.76","$40,174.65"
PROHIBITION 37 - MCNUTT RD RETAIL,871 McNutt Rd,Sunland Park,NM,88063,"$9,511.89","$93,454.87","$102,966.76"
PROHIBITION 37 - ROUTE 66 RETAIL,912 E Route 66 Blvd,Tucumcari,NM,88401,"$10,076.66","$28,013.30","$38,089.96"
PROHIBITION 37 - S. VALLEY DR RETAIL,1405 S. Valley Drive,Las Cruces,NM,88005,"$8,921.09","$22,154.22","$31,075.31"
NEW MEXICO TOP ORGANICS ULTRA HEALTH INC  COORS BLVD RETAIL,"100 Coors Blvd., NW",Albuquerque,NM,87120,"$4,847.71","$13,479.44","$18,327.15"
PROHIBITION 37 - ST. FRANCIS DR RETAIL,1089 S. St. Francis Drive,Santa Fe,NM,87505,"$21,400.72","$59,774.06","$81,174.77"
PUEBLO OF POJOAQUE WO POVI CANNABIS,68 Cities of Gold Rd,Santa Fe,NM,87506,"$23,613.63","$74,806.52","$98,420.15"
HIGH TIDES DISPENSARY LLC - LOMAS RETAIL,5007 Lomas Blvd NE,Albuquerque,NM,87110,"$5,849.90","$12,101.34","$17,951.24"
FCI OF NEW MEXICO - CANAL ST RETAIL,2521 Canal St,Carlsbad,NM,88220,"$8,049.58","$76,576.42","$84,626"
PURLIFE - FOCH STREET RETAIL,203 S. Foch Street,Truth or Consequences,NM,87901,"$25,602.38","$33,813.91","$59,416.29"
PURLIFE - TELSHOR BLVD RETAIL,755 S Telshor Blvd.. Bldg A,Las Cruces,NM,88011,"$51,036.32","$72,321.46","$123,357.78"
THE GRASS STATION LLC - MENAUL BLVD NORTHEAST RETAILER,8920 Menaul Blvd NE,Albuquerque,NM,87112,"$3,164.11","$13,782.38","$16,946.49"
"PURLIFE - US-550 S, BERNALILLO",501 US-550 S,Bernalillo,NM,87004,"$30,324.06","$89,033.17","$119,357.23"
PURLIFE DISPENSARY,1000 Golf Course Rd SE,Rio Rancho,NM,87124,"$60,195.98","$183,558.24","$243,754.22"
PURLIFE DISPENSARY,123 N. White Sands Blvd,Alamogordo,NM,88310,"$36,965.30","$58,140.12","$95,105.42"
PAJARITO HEALING HERB LLC/ RETAIL ISLETA BLVD SW,6016 Isleta Blvd SW,Albuquerque,NM,87105,"$3,188.82","$13,435.24","$16,624.06"
PURLIFE DISPENSARY - CLOVIS,4101 North Prince St,Clovis,NM,88101,"$27,046.50","$130,863.31","$157,909.81"
PURLIFE DISPENSARY FARMINGTON,"3024 E. Main Street, Suite A.",Farmington,NM,87042,"$21,832","$54,660.08","$76,492.08"
PURLIFE RETAIL,301 N GRIMES ST,Hobbs,NM,88240,"$7,937.82","$142,942.11","$150,879.93"
PURLIFE RETAIL,325 S MAIN ST,Roswell,NM,88203,"$20,104.54","$61,292.05","$81,396.59"
TROPICS B LLC-EUBANK BLVD RETAIL/CONS,2308 Eubank BLVD,Albuquerque,NM,87112,"$9,078.87","$7,423.33","$16,502.20"
SMOKIN JOES LLC - YALE RETAIL,300 Yale Blvd SE,Albuquerque,NM,87106,"$4,217.11","$11,943.56","$16,160.67"
PURLIFE/ RETAIL CERRILLOS RD STE L,3140 Cerrillos Rd Ste L,Santa Fe,NM,87507,"$44,958.08","$136,498.96","$181,457.04"
QUEEN BEES COLLECTIVE LLC - SOLANO RETAIL,600 S Solano,Las Cruces,NM,88001,"$2,058",$888.02,"$2,946.02"
R GREEN LEAF ORGANICS INC/ RETAIL US 550,242 US-550,Bernalillo,NM,87004,"$17,504.18","$45,580.68","$63,084.86"
R GREENLEAF ORGANICS INC - EVERYDAY WEED FARMINGTON RTLR,4000 E Main St,Farmington,NM,87402,"$24,322.59","$104,359.43","$128,682.02"
"R GREENLEAF ORGANICS INC/ RETAIL APPALOOSA UNIT 1,2","1541 Appaloosas Unit 1, 2, Crossing Offices",Sunland Park,NM,88063,"$5,826.97","$93,883.90","$99,710.87"
R R HEMPIRE LLC - ANGELINA BLVD RETAIL,101 Angelina Blvd,Chaparral,NM,88081,$143.70,"$8,374.46","$8,518.16"
R. GREENLEAF ORGANICS,2235-2245 Main St SE,Los Lunas,NM,87031,"$36,361.03","$80,024.13","$116,385.16"
CANNAEXPRESS INC - JUAN TABO RETAIL,1416 Juan Tabo Blvd NE,Albuquerque,NM,87112,"$4,731.82","$11,321.91","$16,053.73"
BUDDIES FARMS LCC/ RETAIL CENTRAL AVE NE,7301 Central Ave NE,Albuquerque,NM,87108,"$1,659.03","$12,847.96","$14,506.99"
SCORE 420- 4TH ST NW RETAIL,4603 4th St NW,Albuquerque,NM,87107,"$3,896.77","$10,412.29","$14,309.06"
CLOUDWALKER FARM LLC - ABIQUIU RETAIL,1629 4th St NW,Albuquerque,NM,87102,"$3,495","$10,254","$13,749"
505 FARMS ABQ LLC - LOMAS BLVD RETAIL,5401 Lomas Blvd Ste A,Albuquerque,NM,87110,"$2,904.99","$10,214.95","$13,119.94"
FOGO NA BOMBA - 3RD ST RETAIL,212 3rd St SW,Albuquerque,NM,87102,"$1,493.29","$11,472.39","$12,965.68"
R. GREENLEAF ORGANICS DISPENSARY GRANTS,899 East Roosevelt,Grants,NM,87020,"$40,759.55","$101,091.12","$141,850.67"
R. GREENLEAF ORGANICS DISPENSARY LAS VEGAS,615 E. Lincoln St,Las Vegas,NM,87701,"$47,184.16","$87,108.47","$134,292.63"
R. GREENLEAF ORGANICS DISPENSARY ROSWELL,4311 N. Main Street,Roswell,NM,88201,"$18,026.52","$41,184.43","$59,210.95"
R. GREENLEAF ORGANICS DISPENSARY SANTA FE,403 W. Cordova Rd,Santa Fe,NM,87505,"$33,068.77","$96,032.96","$129,101.73"
R. GREENLEAF ORGANICS INC - CAMINO REAL RETAIL,1901 W. Joe Harvey Blvd. Suite 130,Hobbs,NM,88240,"$8,648.15","$97,547.99","$106,196.14"
R. GREENLEAF ORGANICS INC - CLOVIS RETAIL,2009 Ross,Clovis,NM,88101,"$38,849.75","$133,032.72","$171,882.47"
R. GREENLEAF ORGANICS INC - PIERCE ST RETAIL,800  800 1/2 W Pierce St,Carlsbad,NM,88220,"$38,922.59","$156,507.20","$195,429.79"
R. GREENLEAF ORGANICS INC - SUDDERTH RETAIL,360 Sudderth,Ruidoso,NM,88345,"$12,635.97","$52,313.94","$64,949.91"
R. GREENLEAF ORGANICS INC - TELSHOR RETAIL,775 S Telshor,Las Cruces,NM,88011,"$39,892.34","$69,639.53","$109,531.87"
R. GREENLEAF ORGANICS INC - WHITE SANDS BLVD RETAIL,101 N White Sands Blvd,Alamogordo,NM,88310,"$25,616.89","$57,596.99","$83,213.88"
ROAD RUNNER ORGANICS LLC - SAN MATEO BLVD RETAIL,4602 Lomas Blvd NE,Albuquerque,NM,87110,"$4,293","$8,582.37","$12,875.37"
MAD HATTER GROW LLC - SAN MATEO BLVD RETAIL,301 Central Ave NW,Albuquerque,NM,87101,"$2,403.96","$10,367.04","$12,771"
CANNABIS INSTITUTE OF AMERICA - MONTE VISTA RTLR,2937 monte Vista Blvd ne,Albuquerque,NM,87106,"$1,703.75","$10,965.07","$12,668.82"
RH AND MC LLC - MILLER ST RETAIL,103 Miller St,Anthony,NM,88021,"$5,323.53","$18,972.40","$24,295.93"
RICARDO O WILSON - IDAHO RETAIL,1886 W Picacho Ave,Las Cruces,NM,88005,"$15,043","$26,701.81","$41,744.81"
RIDANKULOUS CO/ RETAIL N WHITE SANDS BLVD,918 N White Sands Blvd,Alamogordo,NM,88310,"$42,885.64","$69,289.99","$112,175.63"
BUDDER PROS LLC - COORS BLVD RETAIL,3250 Coors Blvd NW Suite A,Albuquerque,NM,87120,"$4,849.67","$7,583.74","$12,433.41"
"RMC NM, INC - ANTHONY RETAIL",138 Anthony Dr,Anthony,NM,88021,"$14,852.58","$82,389.12","$97,241.70"
"RMC NM, INC - CLAYTON RETAIL",106 S First St,Clayton,NM,88415,"$3,909.50","$91,382.34","$95,291.84"
"RMC NM, INC - CLOVIS RETAIL",1300 White Sands Blvd,Alamogordo,NM,88310,"$8,772.11","$29,270.36","$38,042.47"
"RMC NM, INC - GALLUP RETAIL",1121 US 491,Gallup,NM,87301,"$7,133.06","$103,374.57","$110,507.63"
"RMC NM, INC - SANTA FE",121 Sandoval St,Santa Fe,NM,87501,"$13,673.70","$75,013.45","$88,687.15"
"RMC NM, INC - SILVER CITY RETAIL",1628 Silver Heights Blvd,Silver City,NM,88061,"$34,852.86","$99,516.31","$134,369.17"
"RMC NM, INC - T OR C RETAIL",280 Date St,Truth or Consequences,NM,87901,"$27,218.86","$56,714.54","$83,933.40"
"RMC NM, INC - TAOS",101 Camino De La Placita,Taos,NM,87571,"$10,839.48","$81,807.81","$92,647.29"
"RMC NM, INC - TUCUMCARI BLVD RETAIL",605 W Tucumcari Blvd,Tucumcari,NM,88401,"$5,910.42","$19,048.43","$24,958.85"
ROAD RUNNER ORGANICS LLC - CALIFORNIA ST RETAIL,202 S California St Ste A,Socorro,NM,87801,$708.51,"$1,923.06","$2,631.57"
CASACANNA LLC - YALE BLVD RETAILER,416 Yale Blvd SE Suite B,Albuquerque,NM,87106,"$1,479.52","$10,280.61","$11,760.13"
ROAD RUNNER ORGANICS/ RETAIL HWY 47,3524 Hwy 47,Peralta,NM,87042,"$7,976.73","$24,724.52","$32,701.25"
ROAD RUNNER PHARMS - HWY 550 RETAIL,980 Highway 550,Bernalillo,NM,87004,"$1,808.84","$6,926.06","$8,734.90"
ROADRUNNER CANNABIS CO LLC,218 WhiteSands,Alamogordo,NM,88310,"$19,548.86","$34,413.72","$53,962.58"
ROADRUNNER GREENS LLC - N GRIMES RETAIL,4401 N Grimes Ste 300,Hobbs,NM,88240,"$18,425.28","$69,924.20","$88,349.48"
ROADRUNNER RETAIL,2 Marietta Ct Ste B,Edgewood,NM,87015,"$22,780.56","$37,425.80","$60,206.36"
ROLLIN LOVE LLC - 7TH ST RETAIL,2410 7th St,Las Vegas,NM,87701,"$20,147.96","$30,354.87","$50,502.83"
ROOTS DISPENSARY LLC/ RETAIL,320 N Main St,Belen,NM,87002,"$4,796.48","$12,044.33","$16,840.81"
"ROUND HOUSE RESERVE, LLC - MCNUTT DR RETAIL",1165 McNutt Dr Unit C5,Sunland Park,NM,88063,"$1,281.67","$9,459.37","$10,741.04"
"ROUND HOUSE RESERVE, LLC - SOLANO RETAIL",200 S Solano Ste 3,Las Cruces,NM,88001,"$9,667.47","$11,301.27","$20,968.74"
FIREFLOWER LLC - SAN PEDRO RETAIL,214 San Pedro Dr. NE,Albuquerque,NM,87108,"$4,162.41","$7,068.35","$11,230.76"
ROYAL CANNABIS LLC - AMADOR RETAIL,2702  West Amador Suite B-2,Las Cruces,NM,88005,"$16,001.76","$45,515.58","$61,517.34"
ROYAL HIGHNESS LLC - CAMINO DEL PUEBLO RETAIL,413 S Camino Del Pueblo,Bernalillo,NM,87004,"$8,354.94","$27,876.37","$36,231.31"
BAKED BUDS LLC - VASSAR RETAIL,3400 Vassar Dr NE,Albuquerque,NM,87107,"$4,492.88","$6,728.15","$11,221.03"
S  H GREEN LIFE - PECAN DR RETAIL,2010 Pecan Dr,Alamogordo,NM,88310,"$12,527.46","$27,278.83","$39,806.29"
SANDD INC - CAMINO DEL PUEBLO RETAIL,848 S Camino Del Pueblo,Bernalillo,NM,87004,"$1,910.69","$5,748.53","$7,659.22"
SANDIA BOTANICALS,2517 Main St,Las Cruces,NM,87107,"$12,781.60","$21,683.10","$34,464.70"
SANGRE DE CRISTO RETAIL LLC - EMMA RD RETAILER,110 Emma Road,Taos Ski Valley,NM,87525,"$1,041.87","$7,800.05","$8,841.92"
SANGRE DE CRISTO RETAIL LLC - TAOS RETAILER,216A Paseo Del Pueblo Sur,Taos,NM,87571,"$22,009.62","$97,340.98","$119,350.60"
SCORE 420 - 2107 CENTRAL RETAIL,2821 N Telshor Blvd,Las Cruces,NM,88011,"$23,083.38","$75,225.95","$98,309.33"
SCORE 420 - BENDER BLVD RETAIL,927 E Bender Blvd,Hobbs,NM,88240,"$15,188.50","$137,132.35","$152,320.85"
DULCE CANNABIS,2000 Carlisle Blvd NE Suite B,Albuquerque,NM,87110,"$1,448.38","$9,614.24","$11,062.62"
FLY HIGH NEW MEXICO LLC - LOUISIANA BLVD RETAIL,509 Louisiana Blvd SE,Albuquerque,NM,87108,"$2,147.57","$8,431.73","$10,579.30"
SCORE 420 - E MAIN FARMINGTON RETAIL,3150 E Main St,Farmington,NM,87402,"$9,137.99","$63,445.94","$72,583.93"
SCORE 420 - HWY 66 RETAILER,1703 W. HWY 66,Gallup,NM,87301,"$1,535.16","$13,704.61","$15,239.77"
SCORE 420 - MCNUTT RETAIL,2355 McNutt Road,Sunland Park,NM,88063,"$4,596.80","$59,032.70","$63,629.50"
FCI OF NEW MEXICO - GALLUP RETAIL,1379 US-491,Gallup,NM,87301,"$4,277.48","$87,861.42","$92,138.90"
SCORE 420 - WHITE SANDS BLVD RETAIL,805 N White Sands Blvd Ste D,Alamogordo,NM,88310,"$34,258.31","$86,669.85","$120,928.16"
GENERATION HEALTH NM,7601 San Pedro,Albuquerque,NM,87109,"$2,498.25","$7,526.68","$10,024.93"
SCORE 420- E SUMNER AVE RETAIL,213 E Sumner Ave,Fort Sumner,NM,88119,"$3,006.34","$16,767.71","$19,774.05"
SCORE 420- PRINCE RETAIL,2905 North Prince Street,Clovis,NM,88101,"$11,303.16","$39,919.61","$51,222.77"
GALLEGOS  RHODES ENTERPRISES LLC,2325 San Pedro Drive Northeast,Albuquerque,NM,87110,"$1,485.23","$8,279.37","$9,764.60"
SERRANO SPRINGS LLC - 17TH ST. RETAIL,401 North 17th St. Suite 8,Las Cruces,NM,88005,"$3,183.60","$6,109.53","$9,293.13"
NEW MEXICO TOP ORGANICS ULTRA HEALTH INC  MENAUL BLVD RETAIL,7401 Menaul Blvd. NE,Albuquerque,NM,87110,"$5,010.88","$3,704.76","$8,715.64"
SFCC LLC - CERRILLOS RETAIL,607 Cerrillos Rd Suite A,Santa Fe,NM,87505,"$29,553.55","$96,280.27","$125,833.82"
SMOKAL SMOKE LOCAL - BECKER AVE RETAIL,212 Becker Ave,Belen,NM,87002,"$43,164.13","$60,920.79","$104,084.92"
SMOKAL SMOKE LOCAL - CALIFORNIA ST RETAIL,402 S California St,Socorro,NM,87801,"$33,346.16","$55,838.45","$89,184.61"
THE GREENS DISPENSARY,2639 San Mateo Blvd,Albuquerque,NM,87110,"$2,652.61","$5,753.70","$8,406.31"
SMOKE N BODY JEWELRY LLC/ RETAIL 7TH ST,1822 7th St,Las Vegas,NM,87701,"$9,579.41","$26,382.64","$35,962.05"
SMOKEAZY LLC- W MAIN ST. RETAIL,115 W Main ST.,Farmington,NM,87401,,"$11,277.17","$11,277.17"
MJ ALTA VIDA PRODUCTS LLC-3100 SAN MATEO RETAIL,3100 Suite B San Mateo Blvd,Albuquerque,NM,87110,"$2,241.58","$5,987.22","$8,228.80"
SMOKING CROW CANNABIS COMPANY - STATE HWY 434 RETAIL,195 State Hwy 518,Mora,NM,87732,"$2,426.76","$13,401.10","$15,827.86"
SPIDER LLC-WHITESANDS BLVD RETAILER,707 A N Whitesands Blvd,Alamogordo,NM,88310,"$6,195.88","$21,953.28","$28,149.16"
ST CANAPA LLC - MCNUTT RD RETAIL,5305 McNutt Rd,Santa Teresa,NM,88008,$814.81,"$14,061.56","$14,876.37"
ST CANAPA LLC - SUDDERTH DR RETAIL,1608 Sudderth Dr,Ruidoso,NM,88345,"$2,167.51","$20,403.01","$22,570.52"
STATELINE CANNABIS NM LLC - ARCH ANGEL WAY RETAILER/CONSUMPTION,100 Arch Angel Way,Chaparral,NM,88081,"$2,564.77","$183,410.07","$185,974.84"
STATELINE CANNABIS NM LLC-STEPHANIE RETAIL/CONS,101 Stephanie,Chaparral,NM,880081,"$1,151.69","$29,297.27","$30,448.96"
STEPHEN LIN HAYDEN,1144 S Second St,Raton,NM,87740,"$5,996.79","$104,860.44","$110,857.23"
STEVOS SANTA FE TRUCK STOP-NM HWY 1 RETAIL,496 NM Hwy 1,Socorro,NM,87801,,$579.52,$579.52
STONE CENTRAL CANNABIS LLC - RT 66 RETAIL,2015 US Rt 66 West Ste 1,Moriarty,NM,87035,"$5,076.75","$18,221.05","$23,297.80"
STONED APE CANNA CO - PIERCE RETAIL,1101 W. Pierce St.,Carlsbad,NM,88220,"$53,182.04","$78,904.97","$132,087.01"
SUNLAND MCNUTT GROUP LLC- MCNUTT RD RETAIL,1051 McNutt Rd,Sunland Park,NM,88063,"$32,070.28","$890,310.56","$922,380.84"
SUNSHINE ESSENTIALS/ RETAIL MCNUTT,267 Anapra Rd,Sunland Park,NM,88063,$818.01,"$3,193.85","$4,011.86"
THE NATURAL SOURCE LLC,2829 San Mateo Blvd NE,Albuquerque,NM,87110,"$4,002.29","$4,211.74","$8,214.03"
"SWEET LEAF ORGANICS, LLC WEST 2ND STREET RETAILER",1429 South Avenue D,Portales,NM,88130,"$11,416.13","$18,461.96","$29,878.09"
GREEN CENTRAL STATION RETAIL MENAUL,2117 Menaul Blvd NE Suite A,Albuquerque,NM,87107,"$1,507","$5,510.10","$7,017.10"
EQUILIBRIUM CANNABIS COMPANY LLC - COORS RETAIL,9370 Coors Blvd NW Suite 600,Albuquerque,NM,87114,$879.49,"$5,835.55","$6,715.04"
"TAKE TWO, LLC",107 E. Washington Ave,Lovington,NM,88260,"$1,929.66","$8,300.32","$10,229.98"
TAOS 420 CANNABIS  COFFEE LLC - TAOS RETAIL,1103 Paseo Del Pueblo Sur,Taos,NM,87571,"$4,125.68","$24,376.08","$28,501.76"
TAOS 420 CANNABIS  COFFEE LLC - TUCUMCARI RETAIL,1801 South Mountain Rd,Tucumcari,NM,88401,"$3,543.19","$70,269.58","$73,812.77"
"TAOS MOUNTAIN GROWN, LLC - NM 150 RETAIL",14 NM 150,El Prado,NM,87529,"$11,819.17","$55,517.82","$67,336.99"
TAOS ORGANICS LLC - HWY 522 RETAIL,2339 Highway 522,Questa,NM,87556,"$3,368.50","$26,729.89","$30,098.39"
TATUM HOUSE OF CANNA LLC,124 E Broadway St,Tatum,NM,88267,$307.10,"$21,579.74","$21,886.84"
TDG LLC / TULAROSA DRY GOODS,308 Granado Street,Tularosa,NM,88352,,"$4,984.96","$4,984.96"
THE ALCHEMIST LLC - MAIN ST RETAIL,663 W MAIN ST,Farmington,NM,87401,"$1,684.88","$7,531.77","$9,216.65"
THE BLAZING YUCCA LLC.- STATE HWY 80 RETAIL,"199 State Highway 80, Suite B",Rodeo,NM,88056,$87.85,"$6,377.53","$6,465.38"
THE CANNA COMPANY,115 N Silver Ave,Deming,NM,88030,"$10,522.95","$31,975.88","$42,498.83"
THE CANNABIS STORE- CANAL ST RETAIL,516. Canal St,Carlsbad,NM,88220,"$5,812.64","$36,438.04","$42,250.68"
THE GRASS STATION LLC - MAIN ST RETAIL,928 E Main St Bldg C,Farmington,NM,87401,"$10,236.05","$69,253.69","$79,489.74"
PAR 4 LLC/ RETAIL 4TH STREET SW,1015 4th Street SW,Albuquerque,NM,87102,"$1,107.56","$5,076","$6,183.56"
THE GRATEFUL LLAMA LLC- NORTH HIGHWAY 14 RTLR,12202 North Highway 14,Cedar Crest,NM,87008,"$3,284.86","$9,449.12","$12,733.98"
THE GREEN GENIE LLC - FIRST ST. RETAIL,303 N. 1st St,Clayton,NM,88415,$958.90,"$31,246.48","$32,205.38"
GRASSROOTS RX GRANTS LLC DISPENSARY ALBUQUERQUE/ CONSUMPTION AREA,3620 Bosque Plaza Lane NW,Albuquerque,NM,87120,"$1,460.33","$4,654","$6,114.33"
"THE HERBAL CLUB, LLC",1700 Juniper Dr,Milan,NM,87021,"$1,771","$34,151","$35,922"
"THE LOUD HOUSE, INC. - S. MILLER RETAIL",206 S. Miller Ave.,Farmington,NM,87401,$415.61,"$4,676.89","$5,092.50"
THE MATCHBOX LLC - THORPE RETAIL,641 Thorpe Rd.,Las Cruces,NM,88007,"$35,941.74","$110,086.08","$146,027.82"
ONESTOPSMOKESHOPVAPERACCESSORIES - SAN PEDRO RETAIL,1713 San Pedro Dr NE,Albuquerque,NM,87110,"$1,432.64","$3,984.12","$5,416.76"
AFICIONADO CANNABIS INC - HAINES RETAIL,11 Haines Ave NW,Albuquerque,NM,87102,$970.20,"$3,693.16","$4,663.36"
THE REEF JOINT LLC - 20TH ST RETAIL,3000 E 20th St,Farmington,NM,87402,"$2,122.92","$23,034.47","$25,157.39"
IMPACT FARMS LLC - SAN MATEO BLVD RETAILER,"3701 San Mateo Blvd NE, Suite G",Albuquerque,NM,87110,"$1,630.19","$2,739.46","$4,369.65"
THE VERDES FOUNDATION  GRANDE BLVD RETAIL,2320 Grande Blvd. SE,Rio Rancho,NM,87124,"$147,375.50","$169,084","$316,459.50"
ENCHANTED LEAF NM - LOUISIANA RETAIL,400 Louisiana SE,Albuquerque,NM,87108,$899.77,"$3,141.33","$4,041.10"
THE VERDES FOUNDATION  SHELBY ST RETAIL,220 Shelby St,Santa Fe,NM,87501,"$30,550.50","$103,625","$134,175.50"
"THE VERDES FOUNDATION - ZAFARANO, SF",3530 Zafarano Dr Ste C5,Santa Fe,NM,87507,"$73,889.72","$150,386","$224,275.72"
SUNSHINE PHARM,411 Rankin Rd NE,Albuquerque,NM,87107,"$1,985.47","$2,030.84","$4,016.31"
EASTER LLC - MENAUL BLVD RETAIL,4505 Menaul Blvd NE,Albuquerque,NM,87110,"$2,098","$1,333.99","$3,431.99"
TILLYS CANNABIS CONSORTIUM - GRAND RETAIL,327 S Grand,Las Vegas,NM,87701,"$7,652.92","$7,914.30","$15,567.22"
TKO CANNABIS LLC - CANAL RETAIL,1215 S Canal St,Carlsbad,NM,88220,"$1,340.40","$13,433.42","$14,773.82"
TKO CANNABIS LLC - PIERCE RETAIL,2302 W Pierce St Ste D5  D6,Carlsbad,NM,88220,"$1,796.80","$14,426.33","$16,223.13"
TNM HOLDINGS LLC/ RETAIL WHEELER AVENUE,800 Wheeler Avenue,Texico,NM,88135,"$1,614.51","$108,433.82","$110,048.34"
TOKE IT UP DISPENSARY AND LOUNGE LLC- FUTURITY DRIVE RETAIL,1999 Futurity Drive,Sunland Park,NM,88063,$246.26,"$2,750.20","$2,996.46"
TOOT TOOT PROPERTIES LLC/ RETAIL US HWY 54,124 US Hwy 54,Logan,NM,88426,"$1,661.50","$11,962.96","$13,624.46"
TOP OF THE 8TH LLC - ANTHONY DRIVE RETAIL,401 Anthony Dr Ste B,Anthony,NM,88021,"$11,954.74","$53,354.67","$65,309.41"
TOP SHELF - HISTORICAL HWY RETAIL,815 E Historical Hwy. E 66,Gallup,NM,87301,$798.95,"$11,701.98","$12,500.93"
TREE AMIGOS CANNABIS LLC - CANYON RETAIL,221 S. Canyon St,Carlsbad,NM,88220,"$14,707","$58,075.42","$72,782.42"
TREEHOUSE CANNABIS LLC - WEST AVE RETAIL,830 W Avenue D,Lovington,NM,88260,"$3,011","$1,086.55","$4,097.55"
TREEZ LLC/ RETAIL W BROADWAY,816 West Broadway,Bloomfield,NM,87413,"$5,127.89","$43,562.10","$48,689.99"
WATTS INDUSTRIES LLC - 4TH ST RETAIL,1011 4th St. NW,Albuquerque,NM,87102,"$2,317.02",$918.01,"$3,235.03"
"NUEVO BRAND LLC- JUAN TABO BLVD NE SUITE C.5, RETAIL","1228 Juan Tabo Blvd NE Suite C.5,",Albuquerque,NM,87112,$876.04,"$2,035.27","$2,911.31"
TRU HIGH CROP LLC - RETAIL N DAL PASO ST,1710 W. Joe Harvey Blvd Ste G,Hobbs,NM,88240,"$2,487.51","$88,422.10","$90,909.61"
TRU LUV BUD LLC - HWY 14 RETAIL,2860 State Hwy 14 N A1,Madrid,NM,87010,$403,"$2,003.57","$2,406.57"
TURQUOISE BLOOM INC/ RETAIL WYATT DR,162 Wyatt Dr,Las Cruces,NM,88005,"$3,637.85","$4,839.02","$8,476.87"
UNCLE ROYS - W ROUTE 66 RETAIL,711 W Route 66,Milan,NM,87021,"$14,285.32","$34,423.27","$48,708.59"
THE PRIVATE STASH LLC - WYOMING BLVD RETAIL,2527 Wyoming Blvd NE,Albuquerque,NM,87112,"$1,521.80","$1,288.20","$2,810"
DREAMWEAVER LLC - CORONA LOOP RETAIL,8367 Corona Loop NE,Albuquerque,NM,87113,,"$2,414.37","$2,414.37"
"HOUSE OF BLAZE, LLC - MENAUL RETAIL",5005 Menaul Blvd NE,Albuquerque,NM,87110,"$1,028","$1,042.06","$2,070.06"
WEED AND READ LTD LLC,1017 San Mateo SE,Albuquerque,NM,87108,$286.82,"$1,710.41","$1,997.23"
URBAN WELLNESS - HOBBS DISPENSARY,"236 E. Navajo Dr. Suites: N-800 , O-700",Hobbs,NM,88240,"$23,562.87","$116,135.65","$139,698.52"
H2H DISTRIBUTION LLC - 2400 JUAN TABO RETAILER,2400 Juan Tabo Blvd NE Suite B,Albuquerque,NM,87112,$198.70,"$1,399.90","$1,598.60"
URBAN WELLNESS - LAS CRUCES DISPENSARY,3830 E Lohman Ave Building-2,Las Cruces,NM,88011,"$18,302.59","$29,241.72","$47,544.31"
LAZYDAZE ABQ LLC - EUBANK CONS / RTLR,1812 Eubank Blvd NE,Albuquerque,NM,87112,$335,$620,$955
MOUNTAIN DESERT HEALTH,"4411 Montano Rd NW, Suite F",Albuquerque,NM,87120,$69.44,$449.19,$518.63
URBAN WELLNESS - RIO RANCHO DISPENSARY,1660 NM  528 SE Ste 105,Rio Rancho,NM,87124,"$68,156.57","$157,100.26","$225,256.83"
FUEGO CANNABIS LLC - MENAUL BLVD RETAIL,9635 Menaul Blvd NE,Albuquerque,NM,87112,$24.50,$415,$439.50
URBAN WELLNESS - US 550 RETAILER,115-US 550,Bernalillo,NM,87004,"$33,444.86","$72,138.66","$105,583.52"
VANA SOCIETY LLC,205 Wheeler Ave,Texico,NM,88135,"$2,293.45","$119,050.99","$121,344.44"
VANA SOCIETY LLC,"3608 N Prince Street, Suite E",Clovis,NM,88101,"$7,376.07","$75,850","$83,226.07"
OCC ABQ LLC- MANUFACTURER,315 San Pedro NE Suite C,Albuquerque,NM,87108,$218.75,-$13,$205.75
VIRTUOUS CANNABIS LLC/ RETAIL GAVILAN CANYON RD,412 Gavilan Canyon Rd Lot 8,Ruidoso,NM,88345,"$2,040.01","$6,432.39","$8,472.40"
VT INDUSTRIES LLC/ RETAIL W RIVER STREET,320 W River Street,Red River,NM,87558,"$5,767.15","$53,172.67","$58,939.82"
TROPICS B LLC - 138 HARVARD DR SE CONS/RETAIL,138 Harvard Dr SE,Albuquerque,NM,87106,$20.20,$108.16,$128.36
MARCOS ANTONIO PAGAN CARTIGIANO - SAN PEDRO - RETAIL,301 San Pedro NE,Albuquerque,NM,87108,,$5.60,$5.60
THE VERDES FOUNDATION  6005 CORONADO PRODUCER,6005 Coronado Ave NE,Albuquerque,NM,87109,,-$45,-$45
WHEEED LLC - LOS ALAMOS RETAIL,555 Oppenheimer Dr Ste 100,Los Alamos,NM,87544,"$20,108.14","$50,620.90","$70,729.04"
WILLOW SPRINGS CANNABIS LLC - CLAYTON ROAD RETAILER,215 Clayton Rd,Raton,NM,87740,"$4,664.04","$31,913.43","$36,577.47"
"WONDERLAND, LLC - BENDER RETAIL",616 E Bender Blvd,Hobbs,NM,88240,"$1,480.28","$5,381.51","$6,861.79"
YERBA BUENA/ RETAIL TUCUMCARI BLVD,123 Tucumcari Blvd,Tucumcari,NM,88401,"$8,699.68","$18,637.36","$27,337.04"
ZIA COLLECTIVE DISPENSARY- SOLANO RETAIL,951 N Solano Dr Suite B,Las Cruces,NM,88001,$261.64,$218.78,$480.42
ZIA DYNASTYS TREEHOUSE,4883 Highway 314,Los Lunas,NM,87031,$850.15,"$5,173.67","$6,023.82"
ZIA TOKE LLC,199 S Butler,Farmington,NM,87401,"$5,958.60","$25,672.55","$31,631.15"
ZIA TOKE LLC - MAIN ST RETAIL,4339 E Main St,Farmington,NM,87402,"$14,954.37","$76,685.66","$91,640.03"
ZS BUD BOARD LLC - MECHEM RETAIL,356 A Sudderth Drive,Ruidoso,NM,88345,"$12,376.08","$21,202.70","$33,578.78"